ESPN_ADP_Rank,Player,Team,Positions
1,Nikola Jokic,DEN,C
2,Shai Gilgeous-Alexander,OKC,PG
3,Victor Wembanyama,SAS,C
4,Luka Doncic,LAL,"PG,SG"
5,Giannis Antetokounmpo,MIA,"PF,C"
6,Anthony Edwards,MIN,"PG,SF,SG"
7,Cade Cunningham,DET,"PG,SG"
8,Jayson Tatum,BOS,"SF,PF"
9,Anthony Davis,WAS,"PF,C"
10,LeBron James,PHI,"SF,PF"
11,Karl-Anthony Towns,NYK,"PF,C"
12,James Harden,CLE,"PG,SG"
13,Tyrese Maxey,PHI,"PG,SG"
14,Jaylen Brown,PHI,"PF,SF,SG"
15,Domantas Sabonis,SAC,"C,PF"
16,Amen Thompson,HOU,"PG,SF,SG"
17,Devin Booker,PHO,"PG,SG"
18,Stephen Curry,GSW,PG
19,Jalen Brunson,NYK,PG
20,Trae Young,WAS,PG
21,Donovan Mitchell,CLE,"PG,SG"
22,Pascal Siakam,IND,"C,PF,SF"
23,Cooper Flagg,DAL,"PF,SF,SG"
24,Kevin Durant,HOU,"PF,SF,SG"
25,Scottie Barnes,TOR,"C,PF,SF,SG"
26,Bam Adebayo,MIA,"C,PF"
27,Josh Giddey,CHI,"PG,SG,SF"
28,Jalen Williams,OKC,"PF,SF,SG"
29,LaMelo Ball,MIN,PG
30,Alperen Sengun,HOU,"C,PF"
31,Evan Mobley,CLE,"PF,C"
32,Jalen Johnson,ATL,"PF,SF"
33,Jamal Murray,DEN,PG
34,Paolo Banchero,ORL,"PF,SF"
35,Ivica Zubac,IND,C
36,De'Aaron Fox,SAS,"PG,SG"
37,Zion Williamson,NOR,"C,PF"
38,Chet Holmgren,OKC,"PF,C"
39,Ja Morant,POR,PG
40,Nikola Vucevic,ORL,C
41,Desmond Bane,ORL,"SG,SF"
42,Kawhi Leonard,TOR,"PF,SF,SG"
43,Franz Wagner,ORL,"PF,SF"
44,DeMar DeRozan,DEN,"PF,SF"
45,Joel Embiid,PHI,C
46,Austin Reaves,LAL,"PG,SF,SG"
47,Derrick White,BOS,"PG,SG"
48,Josh Hart,NYK,"SF,SG"
49,Dyson Daniels,ATL,"PG,SF,SG"
50,Coby White,CHA,"PG,SG"
51,Michael Porter Jr.,BKN,"SF,PF"
52,Deni Avdija,POR,"PF,SF,SG"
53,Jarrett Allen,CLE,C
54,Jalen Duren,DET,C
55,Jalen Green,PHO,"SF,SG"
56,Mikal Bridges,NYK,"PF,SF,SG"
57,OG Anunoby,NYK,"SF,PF"
58,Jaren Jackson Jr.,UTH,"PF,C"
59,Miles Bridges,PHO,"SF,PF"
60,Myles Turner,MIL,C
61,Trey Murphy III,NOR,"PF,SF,SG"
62,Stephon Castle,SAS,"PG,SG"
63,Walker Kessler,LAL,C
64,Tyler Herro,MIL,"PG,SG"
65,Tyrese Haliburton,IND,"PG,SG"
66,Damian Lillard,POR,PG
67,Jimmy Butler III,GSW,"PF,SF,SG"
68,Julius Randle,BKN,PF
69,Brandon Ingram,LAC,"SG,SF,PF"
70,Rudy Gobert,MIN,C
71,Lauri Markkanen,UTH,"SF,PF"
72,Zach LaVine,SAC,"PG,SF,SG"
73,Darius Garland,LAC,PG
74,Kon Knueppel,CHA,"SF,SG"
75,Jordan Poole,NOR,"PG,SG"
76,Jakob Poeltl,TOR,C
77,Andrew Wiggins,MIA,"PF,SF,SG"
78,Onyeka Okongwu,ATL,C
79,Kevin Porter Jr.,MIL,"PG,SG"
80,Alex Sarr,WAS,"C,PF"
81,Kyrie Irving,DAL,PG
82,Jaden McDaniels,MIN,"PF,SF"
83,Christian Braun,DEN,"PF,SF,SG"
84,CJ McCollum,ATL,"PG,SG"
85,Paul George,BOS,"PF,SF"
86,Naz Reid,CHA,"PF,C"
87,RJ Barrett,TOR,"PF,SF,SG"
88,Kristaps Porzingis,GSW,"PF,C"
89,Payton Pritchard,BOS,"PG,SG"
90,Norman Powell,CHI,"SG,SF"
91,Reed Sheppard,HOU,"PG,SG"
92,Dylan Harper,SAS,"PG,SG"
93,Brandon Miller,CHA,"PF,SF,SG"
94,AJ Dybantsa,WAS,SF
95,Anfernee Simons,PHI,"PG,SG"
96,Donovan Clingan,POR,C
97,Andrew Nembhard,IND,"PG,SG"
98,Ausar Thompson,DET,"PF,SF,SG"
99,VJ Edgecombe,PHI,"PG,SG"
100,Keyonte George,UTH,"PG,SG"
101,John Collins,DET,"PF,C"
102,Nickeil Alexander-Walker,ATL,"PG,SG"
103,Mark Williams,PHO,C
104,Deandre Ayton,WAS,C
105,T.J. McConnell,IND,PG
106,Draymond Green,GSW,"PF,C"
107,Nic Claxton,CHI,C
108,Shaedon Sharpe,POR,"PG,SF,SG"
109,Tobias Harris,SAS,"PF,SF"
110,Malik Monk,SAC,"PG,SG"
111,Immanuel Quickley,TOR,"PG,SG"
112,Isaiah Hartenstein,OKC,C
113,Aaron Gordon,DEN,"PF,C"
114,Cameron Boozer,MEM,PF
115,Matas Buzelis,CHI,"SF,PF"
116,Ryan Rollins,MIL,"PG,SG"
117,D'Angelo Russell,MEM,"PG,SG"
118,Cam Thomas,FA,"PG,SF,SG"
119,Devin Vassell,SAS,"SG,SF"
120,Caleb Wilson,CHI,"PF,SF"
121,Darryn Peterson,UTH,"PG,SG"
122,Zach Edey,MEM,C
123,Keegan Murray,SAC,"SF,PF"
124,Kel'el Ware,MIL,C
125,Bennedict Mathurin,NOR,"SG,SF"
126,Dejounte Murray,NOR,"PG,SG"
127,Klay Thompson,MIA,"SG,SF"
128,Ty Jerome,MEM,"PG,SG"
129,Jabari Smith Jr.,HOU,"C,PF"
130,Daniel Gafford,DAL,C
131,Santi Aldama,DAL,"PF,SF"
132,Toumani Camara,POR,"PF,SF"
133,Bobby Portis Jr.,MIA,"PF,C"
134,Egor Demin,BKN,"PG,SG"
135,Jalen Suggs,ORL,"PG,SG"
136,Ace Bailey,UTH,"PF,SF"
137,Jared McCain,OKC,"PG,SG"
138,Dillon Brooks,PHO,"PF,SF,SG"
139,Derik Queen,NOR,"C,PF"
140,Jrue Holiday,POR,"PG,SG"
141,Yaxel Lendeborg,GSW,"PF,SF"
142,Tari Eason,HOU,"PF,SF,SG"
143,Chris Paul,FA,PG
144,Jonathan Kuminga,MIN,"PF,SF"
145,Kyshawn George,WAS,"PF,SF,SG"
146,Donte DiVincenzo,MIN,"PG,SF,SG"
147,Neemias Queta,BOS,C
148,Scoot Henderson,POR,"PG,SG"
149,Anthony Black,ORL,"PG,SG,SF"
150,Kelly Oubre Jr.,IND,"PF,SF,SG"
151,Brandin Podziemski,GSW,"PG,SG"
152,Darius Acuff Jr.,SAC,PG
153,Russell Westbrook III,FA,"PG,SG"
154,Ayo Dosunmu,MIN,"PG,SF,SG"
155,Cason Wallace,OKC,"PG,SF,SG"
156,Bronny James,LAL,"PG,SG"
157,Fred VanVleet,HOU,"PG,SG"
158,Jusuf Nurkic,UTH,C
159,Scotty Pippen Jr.,MEM,"PG,SG"
161,Jaime Jaquez Jr.,MIL,"PF,SF,SG"
162,Alex Caruso,OKC,"PG,SG,SF"
163,Julian Champagnie,SAS,"PF,SF,SG"
164,Peyton Watson,CLE,"SF,PF"
165,Obi Toppin,IND,"PF,SF"
166,Quentin Grimes,LAL,"SG,SF"
167,Saddiq Bey,NOR,"SF,PF"
168,Jeremiah Fears,NOR,"PG,SG"
169,Isaiah Collier,UTH,"PG,SG"
170,Rui Hachimura,LAC,"SF,PF"
171,Mitchell Robinson,BOS,C
172,Kyle Kuzma,MIL,"SF,PF"
173,P.J. Washington Jr.,DAL,"C,PF,SF"
174,Nikola Jovic,MIA,"C,PF"
175,Dennis Schroder,CHA,"PG,SG"
176,Jerami Grant,MEM,"SF,PF"
177,Keaton Wagler,LAC,"PG,SG"
178,Collin Sexton,LAL,"PG,SG"
179,Jose Alvarado,NYK,PG
180,Collin Murray-Boyles,TOR,"C,PF"
181,Lonzo Ball,FA,"PG,SG"
182,Ben Simmons,SAC,PG
183,Kyle Filipowski,UTH,"C,PF"
184,Aday Mara,OKC,C
185,Davion Mitchell,MIA,PG
186,Cameron Johnson,DEN,"PF,SF"
187,Seth Curry,FA,"PG,SG"
188,Luguentz Dort,ATL,"SG,SF"
189,Gradey Dick,LAC,"SG,SF"
190,Kentavious Caldwell-Pope,PHI,"SG,SF"
191,Brice Sensabaugh,UTH,"PF,SF,SG"
192,Jordan Clarkson,NYK,"PG,SF,SG"
193,Jaylin Williams,OKC,"PF,C"
194,Labaron Philon Jr.,PHI,"PG,SG"
195,Cam Whitmore,DEN,"SF,PF"
196,Al Horford,GSW,"PF,C"
197,Carter Bryant,SAS,"PF,SF"
198,Mikel Brown Jr.,BKN,PG
199,Aaron Wiggins,ATL,"SG,SF"
200,Luke Kornet,SAS,C
