Player,Age,Team,Pos,G,GS,MP,FG,FGA,FG%,3P,3PA,3P%,2P,2PA,2P%,eFG%,FT,FTA,FT%,ORB,DRB,TRB,AST,STL,BLK,TOV,PF,PTS,Awards,Season
Luka Dončić,26.0,LAL,PG,6.0,6.0,36.8,11.7,23.8,0.49,3.7,11.5,0.319,8.0,12.3,0.649,0.566,10.0,12.8,0.779,0.8,9.2,10.0,9.5,1.8,0.5,4.2,2.7,37.0,,2026
Giannis Antetokounmpo,31.0,MIL,PF,8.0,8.0,32.0,13.0,20.3,0.642,0.9,1.6,0.538,12.1,18.6,0.651,0.664,6.5,10.3,0.634,4.0,8.9,12.9,6.6,1.0,1.1,2.8,2.6,33.4,,2026
Tyrese Maxey,25.0,PHI,PG,9.0,9.0,41.4,11.0,22.9,0.481,4.1,9.0,0.457,6.9,13.9,0.496,0.57,7.1,8.3,0.853,0.4,4.6,5.0,8.3,1.1,1.1,2.7,2.7,33.2,,2026
Shai Gilgeous-Alexander,27.0,OKC,PG,10.0,10.0,34.8,11.3,21.6,0.523,2.0,5.7,0.351,9.3,15.9,0.585,0.569,8.4,9.3,0.903,0.3,4.7,5.0,6.0,1.0,1.2,1.8,2.1,33.0,,2026
Austin Reaves,27.0,LAL,SG,7.0,7.0,37.9,9.4,19.3,0.489,3.0,8.7,0.344,6.4,10.6,0.608,0.567,9.3,10.3,0.903,0.6,4.6,5.1,9.3,1.4,0.0,3.4,2.1,31.1,,2026
Bennedict Mathurin,23.0,IND,SF,2.0,2.0,36.5,8.5,15.5,0.548,2.5,5.0,0.5,6.0,10.5,0.571,0.629,11.5,13.0,0.885,1.5,5.5,7.0,2.5,0.0,0.0,2.5,3.0,31.0,,2026
Donovan Mitchell,29.0,CLE,SG,9.0,9.0,33.1,10.4,19.6,0.534,4.3,9.8,0.443,6.1,9.8,0.625,0.645,5.4,6.4,0.845,0.2,3.0,3.2,5.1,1.6,0.4,3.1,1.8,30.7,,2026
Devin Booker,29.0,PHO,SG,10.0,10.0,36.9,10.0,20.0,0.5,2.5,6.1,0.41,7.5,13.9,0.54,0.563,6.8,7.8,0.872,1.4,3.3,4.7,7.2,0.7,0.3,4.2,3.0,29.3,,2026
Jalen Brunson,29.0,NYK,PG,8.0,8.0,34.0,10.0,21.6,0.462,2.6,7.9,0.333,7.4,13.8,0.536,0.523,5.6,6.5,0.865,0.5,3.4,3.9,6.1,1.1,0.0,2.3,2.6,28.3,,2026
Lauri Markkanen,28.0,UTA,PF,9.0,9.0,35.3,9.4,20.9,0.452,3.1,9.2,0.337,6.3,11.7,0.543,0.527,6.3,7.1,0.891,1.9,4.2,6.1,2.0,0.9,0.4,1.3,1.2,28.3,,2026
Jaylen Brown,29.0,BOS,SF,10.0,10.0,31.7,10.7,20.0,0.535,2.2,6.0,0.367,8.5,14.0,0.607,0.59,4.5,5.8,0.776,0.5,4.4,4.9,4.2,0.8,0.3,3.6,3.6,28.1,,2026
Stephen Curry,37.0,GSW,PG,8.0,8.0,31.1,8.6,19.0,0.454,4.4,11.3,0.389,4.3,7.8,0.548,0.569,5.1,5.4,0.953,0.3,3.4,3.6,4.3,1.5,0.6,2.9,1.9,26.8,,2026
Julius Randle,31.0,MIN,PF,9.0,9.0,34.0,9.0,16.2,0.555,2.2,5.2,0.426,6.8,11.0,0.616,0.623,5.7,6.6,0.864,1.3,5.9,7.2,6.3,1.1,0.3,3.0,2.4,25.9,,2026
Anthony Edwards,24.0,MIN,SG,5.0,5.0,26.4,8.8,17.2,0.512,3.8,7.6,0.5,5.0,9.6,0.521,0.622,4.4,5.4,0.815,1.0,2.8,3.8,2.4,0.6,0.6,2.6,1.2,25.8,,2026
Cade Cunningham,24.0,DET,PG,9.0,9.0,35.8,9.2,19.8,0.466,2.0,6.4,0.31,7.2,13.3,0.542,0.517,5.1,6.6,0.78,0.8,4.0,4.8,9.7,1.0,0.8,3.7,3.7,25.6,,2026
Deni Avdija,25.0,POR,SF,9.0,9.0,33.8,8.0,16.7,0.48,2.3,6.6,0.356,5.7,10.1,0.56,0.55,7.0,8.2,0.851,1.3,5.7,7.0,4.9,0.7,0.9,3.8,3.1,25.3,,2026
Nikola Jokić,30.0,DEN,C,9.0,9.0,34.0,9.7,15.0,0.644,1.6,4.4,0.35,8.1,10.6,0.768,0.696,4.3,5.0,0.867,2.9,10.1,13.0,11.9,1.9,0.8,3.1,2.8,25.2,,2026
Zach LaVine,30.0,SAC,SG,8.0,8.0,35.9,8.5,16.4,0.519,3.1,7.9,0.397,5.4,8.5,0.632,0.615,5.0,5.5,0.909,0.1,3.1,3.3,2.0,0.5,0.1,2.0,2.5,25.1,,2026
Kawhi Leonard,34.0,LAC,SF,6.0,6.0,33.5,8.8,17.5,0.505,2.3,5.8,0.4,6.5,11.7,0.557,0.571,4.3,4.5,0.963,0.8,4.8,5.7,3.5,2.5,0.7,1.8,1.2,24.3,,2026
Pascal Siakam,31.0,IND,PF,9.0,9.0,35.3,8.9,20.3,0.437,1.7,5.1,0.326,7.2,15.2,0.474,0.478,4.9,8.3,0.587,1.4,6.4,7.9,5.8,1.3,0.3,2.8,3.2,24.3,,2026
Victor Wembanyama,22.0,SAS,C,9.0,9.0,34.0,8.8,17.7,0.497,0.9,3.8,0.235,7.9,13.9,0.568,0.522,5.9,7.2,0.815,1.6,11.3,12.9,3.2,1.2,3.8,3.2,3.8,24.3,,2026
Kevin Durant,37.0,HOU,SF,8.0,8.0,35.5,7.8,16.5,0.47,1.6,4.3,0.382,6.1,12.3,0.5,0.519,6.9,7.8,0.887,0.4,4.4,4.8,2.6,1.1,0.9,3.0,3.1,24.0,,2026
De'Aaron Fox,28.0,SAS,PG,1.0,1.0,31.0,9.0,14.0,0.643,2.0,5.0,0.4,7.0,9.0,0.778,0.714,4.0,5.0,0.8,2.0,1.0,3.0,3.0,1.0,0.0,2.0,3.0,24.0,,2026
LaMelo Ball,24.0,CHO,PG,6.0,6.0,33.3,8.2,19.0,0.43,3.3,10.0,0.333,4.8,9.0,0.537,0.518,3.7,4.5,0.815,1.5,6.3,7.8,9.8,1.7,0.2,3.7,3.5,23.3,,2026
Norman Powell,32.0,MIA,SG,7.0,7.0,29.9,7.0,15.0,0.467,2.6,5.6,0.462,4.4,9.4,0.47,0.552,6.7,7.1,0.94,0.4,4.1,4.6,2.4,1.4,0.1,2.4,2.1,23.3,,2026
Michael Porter Jr.,27.0,BRK,SF,8.0,8.0,32.3,8.5,18.1,0.469,3.3,9.0,0.361,5.3,9.1,0.575,0.559,2.9,3.6,0.793,1.3,6.8,8.0,2.9,0.8,0.1,2.6,2.3,23.1,,2026
Jamal Murray,28.0,DEN,PG,8.0,8.0,33.1,8.4,17.4,0.482,2.4,6.6,0.358,6.0,10.8,0.558,0.55,3.6,3.8,0.967,0.8,4.5,5.3,5.6,1.3,0.4,2.1,1.5,22.8,,2026
Alperen Şengün,23.0,HOU,C,8.0,8.0,36.6,7.6,16.3,0.469,1.3,3.4,0.37,6.4,12.9,0.495,0.508,6.3,8.4,0.746,2.3,7.5,9.8,7.4,1.5,0.9,3.5,3.1,22.8,,2026
Zion Williamson,25.0,NOP,PF,5.0,5.0,31.4,7.6,15.6,0.487,0.0,0.0,,7.6,15.6,0.487,0.487,7.6,11.4,0.667,3.2,3.6,6.8,4.6,2.0,0.2,3.4,2.4,22.8,,2026
Franz Wagner,24.0,ORL,SF,9.0,9.0,34.6,7.9,15.9,0.497,1.7,4.4,0.375,6.2,11.4,0.544,0.549,5.1,6.2,0.821,1.8,3.8,5.6,3.6,1.0,0.3,2.2,2.7,22.6,,2026
Paolo Banchero,23.0,ORL,PF,9.0,9.0,34.7,6.9,15.6,0.443,1.0,4.0,0.25,5.9,11.6,0.51,0.475,7.4,9.9,0.753,1.1,8.3,9.4,4.4,0.8,1.1,2.6,2.2,22.2,,2026
Keyonte George,22.0,UTA,PG,9.0,9.0,33.7,6.4,15.0,0.43,1.6,5.7,0.275,4.9,9.3,0.524,0.481,7.7,8.4,0.908,0.3,3.2,3.6,7.2,0.9,0.3,3.3,2.1,22.1,,2026
James Harden,36.0,LAC,PG,8.0,8.0,34.5,6.5,14.6,0.444,3.4,8.8,0.386,3.1,5.9,0.532,0.56,5.6,6.1,0.918,0.1,4.5,4.6,9.1,1.1,0.1,4.0,2.1,22.0,,2026
Josh Giddey,23.0,CHI,PG,9.0,9.0,34.1,7.7,16.6,0.463,1.7,4.3,0.385,6.0,12.2,0.491,0.513,4.4,5.9,0.755,1.3,8.2,9.6,9.3,1.0,0.3,3.4,1.9,21.4,,2026
Cam Thomas,24.0,BRK,SG,8.0,8.0,28.3,6.6,16.5,0.402,2.0,5.6,0.356,4.6,10.9,0.425,0.462,6.1,7.0,0.875,0.4,1.0,1.4,2.6,0.5,0.1,2.0,1.9,21.4,,2026
Brandon Ingram,28.0,TOR,SF,10.0,10.0,33.3,8.0,15.7,0.51,1.3,4.1,0.317,6.7,11.6,0.578,0.551,3.7,4.1,0.902,0.7,5.6,6.3,4.0,0.8,0.6,2.7,3.0,21.0,,2026
Anthony Davis,32.0,DAL,PF,5.0,5.0,29.8,7.8,15.0,0.52,0.6,2.2,0.273,7.2,12.8,0.563,0.54,4.6,6.2,0.742,3.4,6.8,10.2,2.2,1.6,1.2,2.2,2.6,20.8,,2026
RJ Barrett,25.0,TOR,SF,10.0,10.0,32.6,7.6,13.9,0.547,2.1,5.3,0.396,5.5,8.6,0.64,0.622,3.4,4.5,0.756,0.6,4.1,4.7,3.8,1.0,0.4,1.8,2.8,20.7,,2026
Miles Bridges,27.0,CHO,PF,9.0,9.0,34.4,6.4,16.1,0.4,2.8,8.0,0.347,3.7,8.1,0.452,0.486,5.0,5.6,0.9,1.0,6.2,7.2,3.9,0.6,0.3,1.4,1.8,20.7,,2026
DeMar DeRozan,36.0,SAC,PF,9.0,9.0,35.9,7.7,15.7,0.489,0.8,2.2,0.35,6.9,13.4,0.512,0.514,4.6,5.6,0.82,0.4,3.4,3.9,3.8,1.0,0.1,1.0,1.7,20.7,,2026
Jalen Johnson,24.0,ATL,SF,8.0,8.0,32.0,8.3,14.3,0.579,0.6,2.5,0.25,7.6,11.8,0.649,0.601,3.5,4.3,0.824,1.4,7.0,8.4,4.9,1.4,0.3,2.9,2.6,20.6,,2026
Aaron Gordon,30.0,DEN,PF,8.0,8.0,29.5,6.6,12.1,0.546,2.4,5.1,0.463,4.3,7.0,0.607,0.644,4.5,4.9,0.923,0.9,4.5,5.4,1.6,0.9,0.1,1.6,1.5,20.1,,2026
Ja Morant,26.0,MEM,PG,9.0,9.0,30.2,6.8,17.9,0.379,0.7,5.2,0.128,6.1,12.7,0.482,0.398,5.9,6.1,0.964,0.6,3.3,3.9,7.9,1.2,0.1,3.7,2.1,20.1,,2026
Jerami Grant,31.0,POR,PF,9.0,0.0,28.4,5.8,11.4,0.505,2.2,5.3,0.417,3.6,6.1,0.582,0.602,6.2,7.2,0.862,0.8,2.4,3.2,2.2,1.3,0.6,2.0,3.6,20.0,,2026
Evan Mobley,24.0,CLE,PF,10.0,10.0,33.4,7.2,15.2,0.474,1.6,5.1,0.314,5.6,10.1,0.554,0.526,4.0,5.9,0.678,2.2,6.3,8.5,4.2,1.6,1.6,2.5,2.1,20.0,,2026
Bam Adebayo,28.0,MIA,C,8.0,8.0,30.4,7.0,15.5,0.452,2.0,5.9,0.34,5.0,9.6,0.519,0.516,3.9,4.5,0.861,1.0,7.1,8.1,2.9,1.0,0.3,2.0,1.6,19.9,,2026
Scottie Barnes,24.0,TOR,PF,10.0,10.0,32.5,7.7,15.7,0.49,2.0,4.4,0.455,5.7,11.3,0.504,0.554,2.5,3.3,0.758,1.9,5.1,7.0,4.9,1.6,1.6,1.9,3.5,19.9,,2026
Karl-Anthony Towns,30.0,NYK,C,8.0,8.0,33.1,5.9,14.3,0.412,1.8,5.1,0.341,4.1,9.1,0.452,0.474,6.3,6.9,0.909,3.3,9.5,12.8,3.3,0.6,1.1,3.0,3.5,19.8,,2026
Joel Embiid,31.0,PHI,C,6.0,6.0,23.3,6.7,14.5,0.46,1.5,4.7,0.321,5.2,9.8,0.525,0.511,4.8,5.8,0.829,1.5,4.0,5.5,3.3,0.8,1.5,2.7,2.2,19.7,,2026
Jalen Duren,22.0,DET,C,9.0,9.0,26.8,7.0,10.9,0.643,0.0,0.0,,7.0,10.9,0.643,0.643,5.2,6.1,0.855,4.3,7.0,11.3,1.6,0.9,1.2,2.1,3.3,19.2,,2026
Kelly Oubre Jr.,30.0,PHI,PF,9.0,9.0,37.3,7.0,13.3,0.525,2.4,6.0,0.407,4.6,7.3,0.621,0.617,2.8,3.6,0.781,1.1,4.2,5.3,1.3,1.2,1.0,1.3,2.6,19.2,,2026
Alex Sarr,20.0,WAS,C,10.0,10.0,28.4,7.7,14.6,0.527,1.0,2.9,0.345,6.7,11.7,0.573,0.562,2.5,3.3,0.758,2.4,5.3,7.7,4.0,0.8,2.5,2.6,1.4,18.9,,2026
Chet Holmgren,23.0,OKC,PF,6.0,6.0,31.3,6.2,11.3,0.544,1.7,4.8,0.345,4.5,6.5,0.692,0.618,4.8,5.7,0.853,1.8,7.0,8.8,1.8,1.0,1.5,2.8,4.2,18.8,,2026
Jimmy Butler,36.0,GSW,SF,9.0,9.0,31.0,5.6,11.6,0.481,1.0,2.4,0.409,4.6,9.1,0.5,0.524,6.6,7.3,0.894,2.1,3.0,5.1,4.3,1.1,0.3,1.4,1.2,18.7,,2026
Dillon Brooks,30.0,PHO,SF,4.0,4.0,29.8,6.5,16.3,0.4,2.8,8.5,0.324,3.8,7.8,0.484,0.485,2.8,3.0,0.917,1.0,2.0,3.0,2.5,2.5,0.5,2.0,3.8,18.5,,2026
De'Andre Hunter,28.0,CLE,SF,7.0,7.0,28.1,5.7,14.0,0.408,2.3,7.7,0.296,3.4,6.3,0.545,0.49,4.7,5.6,0.846,0.9,4.4,5.3,2.7,0.7,0.3,2.0,2.1,18.4,,2026
Shaedon Sharpe,22.0,POR,SG,9.0,9.0,26.9,6.6,17.1,0.383,1.8,7.2,0.246,4.8,9.9,0.483,0.435,3.6,4.0,0.889,1.8,3.6,5.3,1.4,1.7,0.2,3.2,2.0,18.4,,2026
Jaden McDaniels,25.0,MIN,PF,9.0,9.0,32.0,7.0,13.0,0.538,2.0,3.8,0.529,5.0,9.2,0.542,0.615,2.3,2.9,0.808,1.2,3.2,4.4,2.0,0.9,1.4,1.9,3.6,18.3,,2026
Stephon Castle,21.0,SAS,PG,9.0,9.0,33.4,6.0,12.2,0.491,1.1,4.6,0.244,4.9,7.7,0.638,0.536,5.1,7.3,0.697,1.6,4.2,5.8,7.4,1.9,0.4,4.7,3.6,18.2,,2026
OG Anunoby,28.0,NYK,PF,8.0,8.0,33.9,6.8,13.9,0.486,3.0,7.3,0.414,3.8,6.6,0.566,0.595,1.6,2.1,0.765,1.6,4.4,6.0,2.4,2.4,0.8,1.8,2.3,18.1,,2026
Amen Thompson,23.0,HOU,SF,8.0,8.0,35.4,7.0,14.5,0.483,0.6,2.6,0.238,6.4,11.9,0.537,0.504,3.4,4.8,0.711,2.4,4.1,6.5,5.4,1.0,0.4,2.6,2.8,18.0,,2026
Trey Murphy III,25.0,NOP,SF,9.0,9.0,35.8,6.2,14.3,0.434,2.9,7.8,0.371,3.3,6.6,0.508,0.535,2.4,2.6,0.957,1.6,5.1,6.7,3.6,1.2,0.2,1.0,2.2,17.8,,2026
Nikola Vučević,35.0,CHI,C,9.0,9.0,31.7,7.0,12.6,0.558,1.9,4.0,0.472,5.1,8.6,0.597,0.633,1.9,2.3,0.81,2.4,8.1,10.6,3.4,0.9,0.3,1.9,2.6,17.8,,2026
Trae Young,27.0,ATL,PG,5.0,5.0,27.8,5.2,14.0,0.371,1.0,5.2,0.192,4.2,8.8,0.477,0.407,6.4,7.8,0.821,0.0,2.0,2.0,7.8,0.8,0.2,2.0,1.8,17.8,,2026
Quentin Grimes,25.0,PHI,SG,9.0,0.0,31.2,5.6,11.9,0.467,2.6,6.4,0.397,3.0,5.4,0.551,0.575,4.0,5.0,0.8,0.6,3.4,4.0,4.4,1.0,0.4,3.2,2.9,17.7,,2026
Nickeil Alexander-Walker,27.0,ATL,SG,9.0,6.0,30.9,5.9,13.4,0.438,2.0,6.1,0.327,3.9,7.3,0.53,0.512,3.8,4.4,0.85,0.6,2.0,2.6,3.2,1.0,0.8,2.6,1.9,17.6,,2026
Kristaps Porziņģis,30.0,ATL,C,7.0,7.0,26.1,5.6,12.9,0.433,1.6,5.0,0.314,4.0,7.9,0.509,0.494,4.9,5.7,0.85,2.1,4.1,6.3,3.3,0.7,1.3,1.3,2.9,17.6,,2026
Jrue Holiday,35.0,POR,PG,9.0,9.0,33.2,6.4,14.6,0.443,2.7,7.4,0.358,3.8,7.1,0.531,0.534,1.9,2.3,0.81,1.3,4.0,5.3,8.2,1.7,0.2,3.0,2.3,17.4,,2026
Jordan Poole,26.0,NOP,PG,7.0,4.0,30.3,5.0,14.1,0.354,2.9,8.4,0.339,2.1,5.7,0.375,0.455,4.4,4.6,0.969,0.4,1.3,1.7,3.4,0.3,0.3,2.1,2.6,17.3,,2026
Andrew Wiggins,30.0,MIA,SF,10.0,10.0,32.2,6.9,13.3,0.519,2.0,5.0,0.4,4.9,8.3,0.59,0.594,1.5,2.5,0.6,1.3,3.3,4.6,2.3,1.4,0.9,1.9,2.5,17.3,,2026
Jaime Jaquez Jr.,24.0,MIA,SF,10.0,0.0,29.5,7.0,12.2,0.574,0.4,1.8,0.222,6.6,10.4,0.635,0.59,2.7,3.5,0.771,1.2,5.8,7.0,5.0,0.8,0.2,1.8,1.9,17.1,,2026
Jaren Jackson Jr.,26.0,MEM,C,10.0,10.0,28.7,6.1,11.4,0.535,1.5,3.9,0.385,4.6,7.5,0.613,0.601,3.3,4.0,0.825,0.7,4.6,5.3,1.2,0.6,1.5,1.8,4.1,17.0,,2026
VJ Edgecombe,20.0,PHI,SG,9.0,9.0,38.2,6.4,14.9,0.433,2.0,5.6,0.36,4.4,9.3,0.476,0.5,2.0,2.6,0.783,2.1,3.7,5.8,4.7,1.6,0.2,1.9,3.0,16.9,,2026
Deandre Ayton,27.0,LAL,C,9.0,9.0,30.2,7.8,11.6,0.673,0.0,0.0,,7.8,11.6,0.673,0.673,1.2,2.0,0.611,2.9,5.1,8.0,1.0,0.4,1.1,2.3,2.8,16.8,,2026
Ajay Mitchell,23.0,OKC,SG,10.0,2.0,27.6,5.9,13.0,0.454,1.2,3.7,0.324,4.7,9.3,0.505,0.5,3.8,4.0,0.95,1.0,2.8,3.8,4.1,1.7,0.2,1.8,2.5,16.8,,2026
Ryan Rollins,23.0,MIL,PG,9.0,8.0,31.0,6.3,12.2,0.518,2.1,5.0,0.422,4.2,7.2,0.585,0.605,1.9,2.2,0.85,0.9,2.8,3.7,5.4,2.0,0.2,2.6,2.7,16.7,,2026
Isaiah Joe,26.0,OKC,SG,5.0,0.0,25.2,5.4,11.2,0.482,4.0,9.0,0.444,1.4,2.2,0.636,0.661,1.8,2.4,0.75,0.8,3.2,4.0,1.0,0.6,0.0,1.0,2.2,16.6,,2026
Payton Pritchard,28.0,BOS,PG,10.0,10.0,31.9,6.1,13.8,0.442,2.0,7.5,0.267,4.1,6.3,0.651,0.514,2.3,2.9,0.793,1.1,2.7,3.8,5.1,1.0,0.0,1.4,2.0,16.5,,2026
Kon Knueppel,20.0,CHO,SF,9.0,8.0,31.6,5.7,12.8,0.443,3.3,8.2,0.405,2.3,4.6,0.512,0.574,1.8,2.0,0.889,0.6,5.4,6.0,2.3,0.6,0.1,2.1,2.6,16.4,,2026
Grayson Allen,30.0,PHO,SG,10.0,10.0,34.5,5.6,13.3,0.421,3.6,8.8,0.409,2.0,4.5,0.444,0.556,1.5,1.8,0.833,0.4,2.8,3.2,4.7,1.4,0.3,2.0,2.9,16.3,,2026
Malik Monk,27.0,SAC,SG,7.0,0.0,25.0,5.9,10.6,0.554,2.6,4.9,0.529,3.3,5.7,0.575,0.676,2.0,2.3,0.875,0.3,1.6,1.9,2.1,1.0,0.7,1.1,2.0,16.3,,2026
Jonathan Kuminga,23.0,GSW,PF,10.0,10.0,30.4,5.8,11.7,0.496,1.2,3.1,0.387,4.6,8.6,0.535,0.547,3.3,4.0,0.825,1.9,5.2,7.1,3.1,0.5,0.3,2.8,2.5,16.1,,2026
Collin Sexton,27.0,CHO,SG,8.0,6.0,26.4,5.3,10.3,0.512,1.5,3.4,0.444,3.8,6.9,0.545,0.585,4.1,5.0,0.825,0.3,2.0,2.3,5.3,0.6,0.0,3.1,2.5,16.1,,2026
Mikal Bridges,29.0,NYK,SF,8.0,8.0,35.1,5.9,11.1,0.528,2.5,5.4,0.465,3.4,5.8,0.587,0.64,1.8,2.0,0.875,1.3,3.6,4.9,5.3,1.4,1.1,1.1,2.6,16.0,,2026
Kyshawn George,22.0,WAS,SF,9.0,9.0,30.6,5.9,11.4,0.515,2.6,5.3,0.479,3.3,6.1,0.545,0.626,1.7,2.6,0.652,0.6,5.7,6.2,3.9,1.0,1.0,3.2,4.7,16.0,,2026
Russell Westbrook,37.0,SAC,SF,9.0,5.0,29.3,5.9,12.3,0.477,2.3,5.1,0.457,3.6,7.2,0.492,0.572,1.9,2.7,0.708,1.8,5.3,7.1,6.0,1.2,0.1,3.0,2.2,16.0,,2026
Aaron Nesmith,26.0,IND,SF,9.0,9.0,31.4,5.1,13.8,0.371,2.9,7.9,0.366,2.2,5.9,0.377,0.476,2.8,3.7,0.758,1.8,2.9,4.7,1.0,0.8,0.2,0.9,2.4,15.9,,2026
Rui Hachimura,27.0,LAL,PF,10.0,10.0,34.6,5.9,10.4,0.567,1.9,3.9,0.487,4.0,6.5,0.615,0.659,2.1,2.8,0.75,0.7,3.0,3.7,1.4,0.5,0.3,1.4,2.4,15.8,,2026
Jalen Green,23.0,PHO,SG,2.0,2.0,15.0,5.5,11.5,0.478,3.0,7.0,0.429,2.5,4.5,0.556,0.609,1.5,2.5,0.6,1.0,1.0,2.0,2.0,1.0,0.0,1.0,1.0,15.5,,2026
P.J. Washington,27.0,DAL,PF,10.0,10.0,33.9,5.7,12.6,0.452,1.1,4.0,0.275,4.6,8.6,0.535,0.496,2.9,4.5,0.644,1.3,7.1,8.4,2.7,0.9,1.3,2.8,2.3,15.4,,2026
Jarrett Allen,27.0,CLE,C,8.0,8.0,26.9,5.6,9.8,0.577,0.0,0.4,0.0,5.6,9.4,0.6,0.577,3.9,5.3,0.738,2.6,5.1,7.8,1.9,1.6,1.0,1.4,1.8,15.1,,2026
Ivica Zubac,28.0,LAC,C,9.0,9.0,29.6,6.4,10.4,0.617,0.0,0.0,,6.4,10.4,0.617,0.617,2.2,2.8,0.8,3.0,7.4,10.4,2.6,0.6,0.9,2.1,2.4,15.1,,2026
Cedric Coward,22.0,MEM,SG,10.0,0.0,26.5,5.1,9.2,0.554,1.7,3.9,0.436,3.4,5.3,0.642,0.647,3.1,3.4,0.912,1.4,4.4,5.8,2.8,1.0,0.3,1.1,2.2,15.0,,2026
Sam Merrill,29.0,CLE,SG,7.0,4.0,25.1,4.7,8.6,0.55,4.0,7.3,0.549,0.7,1.3,0.556,0.783,1.6,1.6,1.0,0.7,1.0,1.7,2.6,0.6,0.1,1.0,3.3,15.0,,2026
Nic Claxton,26.0,BRK,C,9.0,9.0,28.9,5.9,9.6,0.616,0.0,0.4,0.0,5.9,9.1,0.646,0.616,3.1,4.7,0.667,3.0,4.2,7.2,3.6,1.0,0.9,1.2,2.9,14.9,,2026
Devin Vassell,25.0,SAS,SG,9.0,9.0,34.2,5.3,13.2,0.403,3.0,8.2,0.365,2.3,5.0,0.467,0.517,1.2,1.8,0.688,0.6,3.2,3.8,2.3,1.1,0.2,1.3,2.2,14.9,,2026
Desmond Bane,27.0,ORL,SG,9.0,9.0,29.9,5.4,12.7,0.43,1.3,4.4,0.3,4.1,8.2,0.5,0.482,2.6,3.0,0.852,1.2,2.9,4.1,3.9,0.6,0.4,2.2,3.6,14.8,,2026
Aaron Wiggins,27.0,OKC,SG,9.0,5.0,27.6,5.7,12.3,0.459,2.8,6.7,0.417,2.9,5.7,0.51,0.572,0.7,1.0,0.667,1.0,2.7,3.7,2.2,0.4,0.8,1.0,2.2,14.8,,2026
Ayo Dosunmu,26.0,CHI,SG,7.0,0.0,24.9,5.4,9.9,0.551,1.7,3.7,0.462,3.7,6.1,0.605,0.638,2.0,2.3,0.875,0.4,2.1,2.6,2.9,0.4,0.0,0.7,1.7,14.6,,2026
Brandon Miller,23.0,CHO,SF,2.0,2.0,20.0,5.0,12.5,0.4,1.0,5.5,0.182,4.0,7.0,0.571,0.44,3.5,5.0,0.7,0.0,0.0,0.0,4.0,0.5,0.5,1.5,2.5,14.5,,2026
Domantas Sabonis,29.0,SAC,C,6.0,6.0,34.7,6.0,11.5,0.522,0.3,1.8,0.182,5.7,9.7,0.586,0.536,2.2,3.2,0.684,3.8,10.3,14.2,4.0,1.2,0.2,2.7,4.0,14.5,,2026
Donte DiVincenzo,29.0,MIN,SG,9.0,9.0,29.8,4.6,10.4,0.436,3.3,7.9,0.423,1.2,2.6,0.478,0.596,2.0,2.4,0.818,0.8,3.0,3.8,3.8,1.1,0.4,1.6,2.4,14.4,,2026
Walker Kessler,24.0,UTA,C,5.0,5.0,30.8,5.2,7.4,0.703,1.2,1.6,0.75,4.0,5.8,0.69,0.784,2.8,4.0,0.7,4.6,6.2,10.8,3.0,1.4,1.8,3.2,4.4,14.4,,2026
Immanuel Quickley,26.0,TOR,PG,10.0,10.0,31.5,4.7,11.6,0.405,2.0,5.9,0.339,2.7,5.7,0.474,0.491,3.0,3.9,0.769,0.6,3.8,4.4,6.3,1.4,0.0,1.7,2.2,14.4,,2026
CJ McCollum,34.0,WAS,SG,10.0,10.0,27.9,4.9,13.2,0.371,2.4,6.8,0.353,2.5,6.4,0.391,0.462,2.1,2.6,0.808,0.7,2.5,3.2,3.3,0.7,0.2,1.4,2.3,14.3,,2026
Derrick White,31.0,BOS,SG,10.0,10.0,32.4,5.0,15.0,0.333,2.3,8.7,0.264,2.7,6.3,0.429,0.41,2.0,2.4,0.833,0.7,2.8,3.5,5.2,1.9,1.2,1.0,1.8,14.3,,2026
Matas Buzelis,21.0,CHI,PF,9.0,9.0,28.6,5.2,11.1,0.47,1.8,4.7,0.381,3.4,6.4,0.534,0.55,2.0,2.3,0.857,1.0,3.9,4.9,1.2,0.9,0.9,2.1,3.2,14.2,,2026
Darius Garland,26.0,CLE,PG,2.0,2.0,27.0,5.0,13.5,0.37,3.0,8.0,0.375,2.0,5.5,0.364,0.481,1.0,1.0,1.0,1.0,1.0,2.0,6.5,0.5,0.0,2.5,1.5,14.0,,2026
Dylan Harper,19.0,SAS,SG,6.0,0.0,23.3,5.3,10.7,0.5,0.8,2.3,0.357,4.5,8.3,0.54,0.539,2.5,3.0,0.833,0.8,3.2,4.0,3.8,0.7,0.0,1.8,3.0,14.0,,2026
Anfernee Simons,26.0,BOS,SG,10.0,0.0,26.0,5.1,12.2,0.418,2.8,7.2,0.389,2.3,5.0,0.46,0.533,1.0,1.2,0.833,0.4,1.6,2.0,1.6,0.6,0.3,1.0,2.5,14.0,,2026
Obi Toppin,27.0,IND,PF,3.0,0.0,27.3,5.0,12.0,0.417,1.0,5.7,0.176,4.0,6.3,0.632,0.458,3.0,3.0,1.0,1.0,5.7,6.7,1.7,1.0,0.0,2.0,2.3,14.0,,2026
Cooper Flagg,19.0,DAL,PG,10.0,10.0,32.5,5.2,12.9,0.403,1.0,3.7,0.27,4.2,9.2,0.457,0.442,2.5,2.6,0.962,1.0,5.6,6.6,3.0,1.2,0.6,2.3,2.5,13.9,,2026
Ausar Thompson,23.0,DET,SF,9.0,9.0,28.6,5.8,11.7,0.495,0.3,1.3,0.25,5.4,10.3,0.527,0.51,2.0,4.0,0.5,2.0,4.8,6.8,3.3,1.7,0.8,1.3,3.1,13.9,,2026
Jeremiah Fears,19.0,NOP,PG,9.0,7.0,25.9,5.6,12.6,0.442,1.0,3.7,0.273,4.6,8.9,0.513,0.482,1.7,2.1,0.789,0.8,2.1,2.9,3.2,1.4,0.0,2.1,2.2,13.8,,2026
Dennis Schröder,32.0,SAC,PG,9.0,9.0,31.9,5.3,13.2,0.403,1.4,4.9,0.295,3.9,8.3,0.467,0.458,1.7,1.8,0.938,0.3,3.3,3.7,7.0,1.2,0.3,2.3,2.1,13.8,,2026
Jabari Smith Jr.,22.0,HOU,PF,7.0,7.0,33.1,5.0,10.9,0.461,1.9,4.9,0.382,3.1,6.0,0.524,0.546,1.9,2.1,0.867,1.0,4.4,5.4,1.6,1.0,1.0,1.0,2.1,13.7,,2026
Tobias Harris,33.0,DET,PF,6.0,6.0,32.2,4.7,11.8,0.394,1.3,4.7,0.286,3.3,7.2,0.465,0.451,2.8,3.0,0.944,0.8,5.2,6.0,2.8,0.8,0.2,1.3,3.0,13.5,,2026
John Collins,28.0,LAC,PF,9.0,0.0,24.7,5.2,9.2,0.566,1.1,2.4,0.455,4.1,6.8,0.607,0.627,1.8,2.4,0.727,1.7,3.2,4.9,1.0,1.0,0.4,2.3,1.4,13.3,,2026
Max Christie,22.0,DAL,SG,10.0,7.0,29.9,4.6,9.3,0.495,2.6,5.6,0.464,2.0,3.7,0.541,0.634,1.3,1.6,0.813,0.1,2.7,2.8,2.4,0.5,0.3,1.0,1.6,13.1,,2026
Kevin Huerter,27.0,CHI,SF,9.0,0.0,25.1,4.8,9.8,0.489,1.4,4.6,0.317,3.3,5.2,0.638,0.563,2.1,2.4,0.864,0.6,3.4,4.0,2.9,1.0,1.1,1.8,2.3,13.1,,2026
Andrew Nembhard,26.0,IND,PG,2.0,2.0,25.0,3.5,12.5,0.28,1.0,6.0,0.167,2.5,6.5,0.385,0.32,5.0,5.0,1.0,0.0,0.5,0.5,5.0,0.0,0.0,2.5,1.5,13.0,,2026
Onyeka Okongwu,25.0,ATL,C,10.0,3.0,29.1,4.8,10.1,0.475,1.1,3.3,0.333,3.7,6.8,0.544,0.53,2.3,3.4,0.676,2.0,6.6,8.6,2.3,0.8,1.0,1.2,3.5,13.0,,2026
Mark Williams,24.0,PHO,C,9.0,6.0,25.6,5.0,8.4,0.592,0.0,0.0,,5.0,8.4,0.592,0.592,3.0,3.9,0.771,3.2,6.3,9.6,0.8,1.3,0.8,0.8,2.9,13.0,,2026
Isaiah Hartenstein,27.0,OKC,C,10.0,10.0,30.0,5.5,8.1,0.679,0.0,0.3,0.0,5.5,7.8,0.705,0.679,1.9,2.7,0.704,3.3,8.4,11.7,3.4,1.6,0.6,2.0,3.0,12.9,,2026
Zaccharie Risacher,20.0,ATL,SF,8.0,8.0,24.8,4.9,11.1,0.438,1.6,4.9,0.333,3.3,6.3,0.52,0.511,1.5,1.6,0.923,0.8,1.5,2.3,1.4,1.3,0.5,0.6,2.0,12.9,,2026
Tre Jones,26.0,CHI,PG,9.0,9.0,29.4,4.1,8.4,0.487,0.7,1.7,0.4,3.4,6.8,0.508,0.526,3.9,4.4,0.875,0.9,3.0,3.9,5.3,2.0,0.2,1.7,2.1,12.8,,2026
Kyle Kuzma,30.0,MIL,PF,8.0,1.0,23.6,4.8,8.8,0.543,0.6,2.5,0.25,4.1,6.3,0.66,0.579,2.5,3.0,0.833,0.8,3.9,4.6,1.3,0.5,0.6,1.5,1.9,12.6,,2026
Royce O'Neale,32.0,PHO,SF,10.0,6.0,31.5,4.4,9.7,0.454,3.6,8.3,0.434,0.8,1.4,0.571,0.639,0.2,0.4,0.5,1.2,4.5,5.7,3.3,1.5,0.1,1.7,2.7,12.6,,2026
Harrison Barnes,33.0,SAS,PF,9.0,9.0,30.4,4.1,7.4,0.552,2.7,5.3,0.5,1.4,2.1,0.684,0.731,1.6,1.6,1.0,0.8,2.0,2.8,2.3,0.8,0.2,1.6,2.3,12.4,,2026
Toumani Camara,25.0,POR,PF,9.0,9.0,33.7,4.6,11.3,0.402,2.1,6.7,0.317,2.4,4.7,0.524,0.495,1.2,1.8,0.688,2.0,3.2,5.2,3.0,1.1,0.4,1.7,3.4,12.4,,2026
Keldon Johnson,26.0,SAS,SF,9.0,0.0,23.9,4.6,7.6,0.603,0.8,2.0,0.389,3.8,5.6,0.68,0.654,2.3,2.9,0.808,2.6,2.7,5.2,1.8,0.8,0.0,0.7,2.0,12.2,,2026
Jake LaRavia,24.0,LAL,PF,10.0,5.0,29.7,4.5,8.1,0.556,1.4,3.4,0.412,3.1,4.7,0.66,0.642,1.8,3.0,0.6,1.6,3.6,5.2,2.7,1.5,0.2,1.4,2.6,12.2,,2026
Tari Eason,24.0,HOU,PF,8.0,1.0,25.6,4.5,8.6,0.522,2.8,4.8,0.579,1.8,3.9,0.452,0.681,0.4,0.6,0.6,0.9,3.9,4.8,2.0,1.0,0.6,2.3,1.5,12.1,,2026
Tre Johnson,19.0,WAS,SG,10.0,2.0,25.9,4.5,10.6,0.425,2.0,5.4,0.37,2.5,5.2,0.481,0.519,1.1,1.2,0.917,0.6,3.1,3.7,1.3,0.3,0.6,1.7,2.1,12.1,,2026
Santi Aldama,25.0,MEM,PF,10.0,0.0,25.0,4.7,10.9,0.431,1.4,4.6,0.304,3.3,6.3,0.524,0.495,1.2,2.0,0.6,1.8,4.5,6.3,2.2,1.1,0.5,1.3,1.4,12.0,,2026
Wendell Carter Jr.,26.0,ORL,C,9.0,9.0,28.6,3.8,7.4,0.507,1.3,2.7,0.5,2.4,4.8,0.512,0.597,3.1,4.2,0.737,3.3,4.6,7.9,1.3,0.8,0.7,1.8,4.1,12.0,,2026
Brandin Podziemski,22.0,GSW,SG,10.0,6.0,28.9,4.5,9.8,0.459,1.7,4.7,0.362,2.8,5.1,0.549,0.546,1.3,1.8,0.722,0.6,4.0,4.6,3.5,1.1,0.3,1.4,2.1,12.0,,2026
Christian Braun,24.0,DEN,SG,9.0,9.0,31.1,4.7,9.8,0.477,0.4,2.6,0.174,4.2,7.2,0.585,0.5,2.1,2.8,0.76,1.8,3.0,4.8,3.1,0.9,0.3,1.4,2.6,11.9,,2026
D'Angelo Russell,29.0,DAL,PG,10.0,3.0,21.6,3.9,10.4,0.375,1.4,5.1,0.275,2.5,5.3,0.472,0.442,2.7,3.9,0.692,0.5,2.4,2.9,5.1,0.4,0.2,2.0,1.4,11.9,,2026
Anthony Black,22.0,ORL,PG,9.0,1.0,26.9,4.2,8.8,0.481,1.1,3.4,0.323,3.1,5.3,0.583,0.544,2.2,3.2,0.69,0.7,2.6,3.2,2.6,1.2,0.9,2.4,2.2,11.8,,2026
Tristan Da Silva,24.0,ORL,SF,9.0,0.0,21.0,4.1,8.3,0.493,2.0,4.6,0.439,2.1,3.8,0.559,0.613,1.6,1.8,0.875,0.9,2.0,2.9,1.0,1.1,0.1,0.9,0.8,11.8,,2026
Quenton Jackson,27.0,IND,PG,5.0,3.0,20.2,4.0,7.4,0.541,1.2,2.4,0.5,2.8,5.0,0.56,0.622,2.6,3.6,0.722,1.0,2.4,3.4,3.6,1.0,0.2,1.2,2.0,11.8,,2026
Gary Trent Jr.,27.0,MIL,SG,9.0,9.0,28.1,3.9,10.1,0.385,2.7,7.3,0.364,1.2,2.8,0.44,0.516,1.3,1.9,0.706,0.1,1.9,2.0,2.4,1.1,0.0,0.8,2.4,11.8,,2026
A.J. Green,26.0,MIL,SG,9.0,9.0,27.9,3.8,7.1,0.531,3.2,6.6,0.492,0.6,0.6,1.0,0.758,0.8,1.2,0.636,0.1,2.3,2.4,1.6,0.2,0.1,0.9,3.6,11.6,,2026
Moses Moody,23.0,GSW,SG,8.0,2.0,22.9,3.5,8.3,0.424,2.6,5.9,0.447,0.9,2.4,0.368,0.583,2.0,2.4,0.842,0.3,2.6,2.9,1.8,0.8,1.0,1.4,1.8,11.6,,2026
Tim Hardaway Jr.,33.0,DEN,SG,9.0,0.0,22.9,4.0,8.3,0.48,2.6,5.6,0.46,1.4,2.8,0.52,0.633,0.9,1.0,0.889,0.3,1.6,1.9,1.6,0.4,0.0,0.3,1.6,11.4,,2026
Jaylon Tyson,23.0,CLE,SG,10.0,7.0,25.3,4.1,8.0,0.513,2.2,4.6,0.478,1.9,3.4,0.559,0.65,0.9,1.1,0.818,1.0,2.5,3.5,1.9,1.1,0.8,1.1,3.9,11.3,,2026
Simone Fontecchio,30.0,MIA,SF,10.0,0.0,19.6,3.7,7.3,0.507,2.4,4.8,0.5,1.3,2.5,0.52,0.671,1.4,1.6,0.875,0.6,1.7,2.3,1.3,0.5,0.2,0.9,2.2,11.2,,2026
Myles Turner,29.0,MIL,C,9.0,9.0,28.7,4.0,9.3,0.429,2.2,5.6,0.4,1.8,3.8,0.471,0.548,1.0,1.7,0.6,1.3,5.3,6.7,2.1,1.1,2.0,1.7,2.8,11.2,,2026
Cole Anthony,25.0,MIL,PG,8.0,0.0,20.9,4.6,9.5,0.487,1.1,3.6,0.31,3.5,5.9,0.596,0.546,0.8,1.5,0.5,0.6,2.5,3.1,5.1,0.8,0.5,1.6,3.6,11.1,,2026
Tre Mann,24.0,CHO,PG,9.0,1.0,22.4,4.1,11.7,0.352,1.6,5.6,0.28,2.6,6.1,0.418,0.419,1.3,1.4,0.923,0.8,2.7,3.4,3.0,0.9,0.0,2.1,2.6,11.1,,2026
Saddiq Bey,26.0,NOP,SF,9.0,3.0,25.3,4.0,8.9,0.45,2.0,4.8,0.419,2.0,4.1,0.486,0.563,1.0,1.6,0.643,1.1,2.8,3.9,1.4,0.7,0.0,0.6,0.8,11.0,,2026
Jock Landale,30.0,MEM,C,10.0,10.0,24.5,4.1,7.1,0.577,1.3,2.4,0.542,2.8,4.7,0.596,0.669,1.5,2.1,0.714,2.4,2.8,5.2,1.5,0.7,0.5,1.2,3.1,11.0,,2026
Naz Reid,26.0,MIN,C,9.0,0.0,22.9,4.1,9.2,0.446,1.6,4.4,0.35,2.6,4.8,0.535,0.53,1.2,1.9,0.647,1.2,3.9,5.1,1.7,0.8,0.9,1.4,2.4,11.0,,2026
Tolu Smith,25.0,DET,PF,1.0,0.0,6.0,3.0,4.0,0.75,0.0,0.0,,3.0,4.0,0.75,0.75,5.0,7.0,0.714,2.0,2.0,4.0,0.0,1.0,0.0,1.0,0.0,11.0,,2026
Jalen Suggs,24.0,ORL,PG,7.0,7.0,19.6,3.9,7.0,0.551,1.9,4.1,0.448,2.0,2.9,0.7,0.684,1.4,1.6,0.909,0.6,2.6,3.1,4.4,1.7,0.1,2.9,3.4,11.0,,2026
Jarace Walker,22.0,IND,PF,9.0,6.0,29.9,4.0,11.8,0.34,1.7,5.6,0.3,2.3,6.2,0.375,0.41,1.3,1.9,0.706,0.9,5.2,6.1,4.1,0.4,0.4,1.7,2.2,11.0,,2026
Terance Mann,29.0,BRK,SG,9.0,9.0,27.2,4.2,8.1,0.521,1.1,3.2,0.345,3.1,4.9,0.636,0.589,1.3,1.7,0.8,1.8,1.4,3.2,3.3,1.2,0.0,0.8,3.6,10.9,,2026
Derrick Jones Jr.,28.0,LAC,SF,9.0,9.0,24.4,4.0,6.8,0.59,1.7,4.0,0.417,2.3,2.8,0.84,0.713,1.1,1.6,0.714,0.8,1.4,2.2,0.9,0.6,0.9,0.6,2.2,10.8,,2026
Isaiah Stewart,24.0,DET,C,9.0,3.0,23.0,4.0,8.2,0.486,1.2,3.1,0.393,2.8,5.1,0.543,0.561,1.4,2.2,0.65,2.2,4.4,6.7,1.6,0.2,2.1,0.9,2.9,10.7,,2026
Julian Champagnie,24.0,SAS,SF,9.0,8.0,29.6,3.2,7.6,0.426,2.0,5.3,0.375,1.2,2.2,0.55,0.559,2.1,2.9,0.731,1.1,4.6,5.7,1.6,1.2,0.3,1.2,1.4,10.6,,2026
Duncan Robinson,31.0,DET,SF,9.0,9.0,32.2,3.4,8.0,0.431,2.4,6.2,0.393,1.0,1.8,0.563,0.583,1.2,1.7,0.733,0.4,2.3,2.8,1.8,0.3,0.4,0.7,2.4,10.6,,2026
Reed Sheppard,21.0,HOU,PG,8.0,0.0,20.9,3.9,8.8,0.443,2.4,5.3,0.452,1.5,3.5,0.429,0.579,0.5,0.8,0.667,0.4,2.0,2.4,3.4,1.0,0.3,1.3,1.5,10.6,,2026
Bilal Coulibaly,21.0,WAS,SG,4.0,4.0,23.8,3.5,9.5,0.368,1.3,4.3,0.294,2.3,5.3,0.429,0.434,2.3,3.3,0.692,1.0,3.8,4.8,3.3,1.0,1.0,2.5,2.5,10.5,,2026
Nikola Jović,22.0,MIA,PF,10.0,1.0,22.2,3.4,7.5,0.453,1.3,3.7,0.351,2.1,3.8,0.553,0.54,2.4,3.0,0.8,0.8,3.6,4.4,3.0,0.7,0.3,1.9,2.3,10.5,,2026
Collin Gillespie,26.0,PHO,PG,10.0,0.0,24.9,3.6,9.2,0.391,2.6,6.8,0.382,1.0,2.4,0.417,0.533,0.6,0.9,0.667,1.0,2.9,3.9,5.3,1.1,0.6,1.4,1.1,10.4,,2026
Herbert Jones,27.0,NOP,SF,9.0,9.0,30.1,3.9,8.7,0.449,2.0,4.4,0.45,1.9,4.2,0.447,0.564,0.7,1.0,0.667,1.0,3.1,4.1,2.2,1.4,0.2,1.7,3.6,10.4,,2026
Moussa Diabaté,24.0,CHO,C,9.0,0.0,20.1,3.8,5.9,0.642,0.0,0.0,,3.8,5.9,0.642,0.642,2.8,4.2,0.658,3.8,3.6,7.3,0.6,0.4,1.3,0.7,2.3,10.3,,2026
Naji Marshall,28.0,DAL,SF,10.0,0.0,24.5,3.2,6.9,0.464,0.6,2.4,0.25,2.6,4.5,0.578,0.507,3.3,3.9,0.846,0.7,3.6,4.3,2.3,1.3,0.0,0.8,2.2,10.3,,2026
Khris Middleton,34.0,WAS,SF,7.0,7.0,24.4,4.0,8.1,0.491,1.0,2.6,0.389,3.0,5.6,0.538,0.553,1.3,2.0,0.643,1.4,2.7,4.1,2.4,0.6,0.1,1.6,3.3,10.3,,2026
Trendon Watford,25.0,PHI,PF,6.0,1.0,22.3,3.8,6.0,0.639,0.7,1.2,0.571,3.2,4.8,0.655,0.694,2.0,2.5,0.8,1.8,4.3,6.2,4.8,0.3,0.3,1.5,2.7,10.3,,2026
Isaiah Collier,21.0,UTA,PG,1.0,1.0,26.0,4.0,8.0,0.5,1.0,3.0,0.333,3.0,5.0,0.6,0.563,1.0,2.0,0.5,0.0,0.0,0.0,3.0,0.0,0.0,4.0,2.0,10.0,,2026
Kevin Porter Jr.,25.0,MIL,PG,1.0,1.0,9.0,3.0,5.0,0.6,2.0,3.0,0.667,1.0,2.0,0.5,0.8,2.0,2.0,1.0,0.0,0.0,0.0,2.0,1.0,0.0,0.0,0.0,10.0,,2026
Jalen Smith,25.0,CHI,C,9.0,0.0,15.3,3.6,6.7,0.533,1.4,3.7,0.394,2.1,3.0,0.704,0.642,1.3,2.0,0.667,1.9,3.7,5.6,1.2,0.2,0.3,1.1,2.1,9.9,,2026
Dyson Daniels,22.0,ATL,SG,10.0,10.0,33.0,4.2,8.7,0.483,0.3,0.8,0.375,3.9,7.9,0.494,0.5,1.1,1.8,0.611,1.5,4.7,6.2,5.1,2.3,0.5,1.9,2.5,9.8,,2026
Ron Holland,20.0,DET,SF,9.0,0.0,22.1,3.6,7.7,0.464,1.1,3.2,0.345,2.4,4.4,0.55,0.536,1.6,1.8,0.875,1.0,2.8,3.8,2.1,1.6,0.3,1.8,3.2,9.8,,2026
Rudy Gobert,33.0,MIN,C,9.0,9.0,31.7,4.0,5.4,0.735,0.0,0.0,,4.0,5.4,0.735,0.735,1.7,3.1,0.536,3.2,6.4,9.7,1.6,0.4,1.4,1.6,3.0,9.7,,2026
Miles McBride,25.0,NYK,SG,6.0,1.0,24.3,3.3,8.0,0.417,2.2,5.2,0.419,1.2,2.8,0.412,0.552,0.8,1.0,0.833,1.3,1.7,3.0,2.8,1.0,0.2,0.5,2.0,9.7,,2026
Kel'el Ware,21.0,MIA,C,10.0,7.0,21.5,3.7,7.6,0.487,1.1,3.1,0.355,2.6,4.5,0.578,0.559,1.2,1.7,0.706,2.1,5.6,7.7,0.6,1.0,1.3,1.2,1.7,9.7,,2026
Ryan Dunn,23.0,PHO,SF,10.0,8.0,24.4,3.9,7.9,0.494,1.1,3.6,0.306,2.8,4.3,0.651,0.563,0.7,0.9,0.778,2.2,3.4,5.6,1.7,1.1,0.9,0.9,2.4,9.6,,2026
Pelle Larsson,24.0,MIA,SG,10.0,7.0,20.1,3.5,6.1,0.574,1.0,2.9,0.345,2.5,3.2,0.781,0.656,1.6,2.0,0.8,0.3,2.1,2.4,2.5,0.6,0.0,0.7,1.8,9.6,,2026
Josh Okogie,27.0,HOU,SG,8.0,6.0,23.3,2.9,5.4,0.535,1.8,3.3,0.538,1.1,2.1,0.529,0.698,2.1,2.5,0.85,0.9,1.1,2.0,1.4,1.5,0.1,0.8,2.5,9.6,,2026
Marcus Smart,31.0,LAL,SG,8.0,6.0,27.8,3.0,7.3,0.414,0.9,3.9,0.226,2.1,3.4,0.63,0.474,2.8,3.0,0.917,0.4,1.6,2.0,3.3,1.8,0.3,2.4,3.1,9.6,,2026
Cason Wallace,22.0,OKC,SG,9.0,9.0,29.8,3.4,7.6,0.456,1.9,4.4,0.425,1.6,3.1,0.5,0.581,0.8,0.9,0.875,1.0,2.8,3.8,3.1,2.6,0.3,1.1,2.3,9.6,,2026
Ziaire Williams,24.0,BRK,SF,7.0,0.0,20.0,2.9,7.4,0.385,1.9,5.6,0.333,1.0,1.9,0.538,0.51,2.0,2.1,0.933,1.1,1.4,2.6,0.6,0.9,0.4,0.7,2.7,9.6,,2026
Will Richard,23.0,GSW,SG,8.0,1.0,17.0,3.4,5.5,0.614,1.4,3.1,0.44,2.0,2.4,0.842,0.739,1.4,1.8,0.786,1.3,1.3,2.5,1.6,1.1,0.0,0.6,1.9,9.5,,2026
Josh Minott,23.0,BOS,PF,9.0,7.0,22.8,3.3,7.1,0.469,1.2,3.6,0.344,2.1,3.6,0.594,0.555,1.6,1.9,0.824,2.4,4.2,6.7,1.4,1.4,0.4,0.7,2.7,9.4,,2026
Cam Spencer,25.0,MEM,SG,10.0,1.0,17.4,2.8,6.3,0.444,2.3,4.8,0.479,0.5,1.5,0.333,0.627,1.5,1.7,0.882,0.1,2.1,2.2,3.1,0.8,0.0,1.1,1.5,9.4,,2026
Jeremy Sochan,22.0,SAS,PF,3.0,0.0,19.3,3.7,6.0,0.611,0.3,1.3,0.25,3.3,4.7,0.714,0.639,1.7,2.0,0.833,1.0,1.3,2.3,1.7,0.7,0.7,1.3,3.7,9.3,,2026
Kentavious Caldwell-Pope,32.0,MEM,SG,10.0,10.0,24.7,2.8,8.3,0.337,1.3,3.9,0.333,1.5,4.4,0.341,0.416,2.3,2.6,0.885,0.4,2.3,2.7,3.4,0.7,0.3,1.3,1.2,9.2,,2026
Ryan Kalkbrenner,24.0,CHO,C,9.0,9.0,27.3,4.3,5.3,0.813,0.0,0.1,0.0,4.3,5.2,0.83,0.813,0.6,0.8,0.714,3.3,3.6,6.9,0.6,1.1,2.6,1.8,2.2,9.2,,2026
Davion Mitchell,27.0,MIA,PG,10.0,10.0,29.3,3.8,7.7,0.494,1.0,2.7,0.37,2.8,5.0,0.56,0.558,0.6,1.3,0.462,0.6,2.2,2.8,7.6,1.6,0.1,1.5,3.0,9.2,,2026
Svi Mykhailiuk,28.0,UTA,SF,9.0,9.0,27.1,3.3,7.2,0.462,2.0,5.3,0.375,1.3,1.9,0.706,0.6,0.4,0.6,0.8,0.9,1.9,2.8,1.7,0.8,0.1,0.8,1.3,9.1,,2026
Draymond Green,35.0,GSW,PF,9.0,9.0,29.1,3.2,6.7,0.483,1.9,4.2,0.447,1.3,2.4,0.545,0.625,0.7,1.4,0.462,0.6,5.4,6.0,6.1,0.8,0.7,2.8,3.4,9.0,,2026
Sandro Mamukelashvili,26.0,TOR,C,10.0,0.0,17.8,3.2,5.5,0.582,1.0,2.3,0.435,2.2,3.2,0.688,0.673,1.6,2.0,0.8,1.1,2.3,3.4,1.9,0.5,0.4,1.0,1.7,9.0,,2026
Jaylen Wells,22.0,MEM,SG,10.0,10.0,25.3,3.2,9.5,0.337,1.3,5.4,0.241,1.9,4.1,0.463,0.405,1.3,2.0,0.65,1.4,2.6,4.0,1.5,0.4,0.0,0.7,2.0,9.0,,2026
Jordan Clarkson,33.0,NYK,SG,8.0,0.0,16.0,3.1,7.4,0.424,1.4,3.9,0.355,1.8,3.5,0.5,0.517,1.3,1.4,0.909,0.5,0.8,1.3,1.3,0.1,0.3,1.0,1.3,8.9,,2026
Sion James,23.0,CHO,SG,9.0,4.0,25.2,3.0,5.0,0.6,1.7,2.8,0.6,1.3,2.2,0.6,0.767,1.2,1.3,0.917,0.3,2.7,3.0,1.4,0.6,0.3,0.9,1.6,8.9,,2026
Derik Queen,21.0,NOP,C,9.0,0.0,19.2,3.1,7.0,0.444,0.1,0.8,0.143,3.0,6.2,0.482,0.452,2.6,3.3,0.767,1.6,3.9,5.4,2.0,1.1,0.7,1.8,3.0,8.9,,2026
Jonas Valančiūnas,33.0,DEN,C,9.0,0.0,12.6,3.6,6.3,0.561,0.2,0.6,0.4,3.3,5.8,0.577,0.579,1.6,1.9,0.824,1.4,3.3,4.8,1.2,0.1,0.7,1.0,2.0,8.9,,2026
Donovan Clingan,21.0,POR,C,9.0,9.0,24.1,3.4,6.9,0.5,0.7,2.8,0.24,2.8,4.1,0.676,0.548,1.2,1.3,0.917,4.4,4.3,8.8,1.4,1.0,1.4,0.6,2.8,8.8,,2026
Daniel Gafford,27.0,DAL,C,5.0,5.0,19.6,3.8,5.2,0.731,0.0,0.0,,3.8,5.2,0.731,0.731,1.2,1.2,1.0,1.6,2.8,4.4,0.8,0.8,1.4,0.8,2.2,8.8,,2026
Collin Murray-Boyles,20.0,TOR,PF,8.0,3.0,21.0,3.4,7.1,0.474,1.0,2.1,0.471,2.4,5.0,0.475,0.544,1.0,1.6,0.615,2.1,1.8,3.9,1.3,0.9,0.6,1.3,2.4,8.8,,2026
Neemias Queta,26.0,BOS,C,10.0,10.0,23.6,3.7,5.7,0.649,0.0,0.2,0.0,3.7,5.5,0.673,0.649,1.3,2.1,0.619,2.8,5.3,8.1,1.7,0.9,1.4,1.0,3.2,8.7,,2026
Noah Clowney,21.0,BRK,PF,9.0,3.0,23.6,2.6,7.3,0.348,1.6,5.2,0.298,1.0,2.1,0.474,0.455,1.9,2.3,0.81,1.1,2.7,3.8,1.6,0.4,0.0,1.6,1.4,8.6,,2026
Isaac Okoro,25.0,CHI,SG,9.0,9.0,24.1,3.1,6.7,0.467,1.2,3.2,0.379,1.9,3.4,0.548,0.558,1.1,1.2,0.909,1.0,1.7,2.7,1.7,0.6,0.4,1.2,3.2,8.6,,2026
Bobby Portis,30.0,MIL,PF,9.0,0.0,19.4,3.6,8.7,0.41,1.2,3.4,0.355,2.3,5.2,0.447,0.481,0.2,0.2,1.0,1.0,4.7,5.7,1.2,0.1,0.1,1.3,1.4,8.6,,2026
Brandon Williams,26.0,DAL,PG,8.0,0.0,16.5,3.5,7.4,0.475,0.4,2.0,0.188,3.1,5.4,0.581,0.5,1.3,2.1,0.588,0.1,1.5,1.6,2.1,1.8,0.1,1.6,1.9,8.6,,2026
Patrick Williams,24.0,CHI,PF,9.0,0.0,22.7,2.8,6.1,0.455,1.8,3.9,0.457,1.0,2.2,0.45,0.6,1.2,1.8,0.688,0.4,2.6,3.0,1.8,0.9,0.4,0.7,1.7,8.6,,2026
Luke Kennard,29.0,ATL,SG,8.0,0.0,25.3,2.9,5.6,0.511,1.3,3.0,0.417,1.6,2.6,0.619,0.622,1.5,1.6,0.923,0.5,1.6,2.1,2.0,0.9,0.1,1.5,1.8,8.5,,2026
Corey Kispert,26.0,WAS,SF,10.0,0.0,19.1,2.9,5.8,0.5,1.4,3.7,0.378,1.5,2.1,0.714,0.621,1.2,1.7,0.706,0.2,2.1,2.3,1.9,0.2,0.2,0.8,1.3,8.4,,2026
Sam Hauser,28.0,BOS,PF,10.0,2.0,23.3,2.7,7.8,0.346,2.6,7.0,0.371,0.1,0.8,0.125,0.513,0.3,0.4,0.75,0.8,2.2,3.0,1.6,0.6,0.3,0.8,1.1,8.3,,2026
Bradley Beal,32.0,LAC,SG,6.0,6.0,20.2,3.0,8.0,0.375,1.2,3.2,0.368,1.8,4.8,0.379,0.448,1.0,1.3,0.75,0.3,0.5,0.8,1.7,0.5,0.0,1.5,2.3,8.2,,2026
Cameron Johnson,29.0,DEN,SF,9.0,9.0,26.6,2.9,7.7,0.377,0.9,3.8,0.235,2.0,3.9,0.514,0.435,1.3,1.6,0.857,0.4,2.2,2.7,2.0,0.7,0.1,0.6,2.6,8.0,,2026
Luke Kornet,30.0,SAS,C,2.0,0.0,25.0,3.5,6.0,0.583,0.0,0.0,,3.5,6.0,0.583,0.583,1.0,2.0,0.5,5.0,3.0,8.0,3.5,0.0,1.5,0.5,2.0,8.0,,2026
Josh Hart,30.0,NYK,SF,7.0,0.0,24.1,3.0,6.9,0.438,1.1,3.3,0.348,1.9,3.6,0.52,0.521,0.7,1.0,0.714,1.9,5.0,6.9,3.6,0.6,0.0,1.6,1.4,7.9,,2026
Cam Whitmore,21.0,WAS,SF,10.0,0.0,15.3,3.2,7.4,0.432,0.9,2.5,0.36,2.3,4.9,0.469,0.493,0.6,0.9,0.667,0.5,1.8,2.3,0.5,0.8,0.1,1.0,0.9,7.9,,2026
Gradey Dick,22.0,TOR,SG,10.0,0.0,15.5,2.2,5.6,0.393,1.3,3.3,0.394,0.9,2.3,0.391,0.509,2.1,2.6,0.808,0.4,1.7,2.1,0.2,0.5,0.0,0.2,0.7,7.8,,2026
Yves Missi,21.0,NOP,C,5.0,4.0,23.2,3.0,4.4,0.682,0.0,0.0,,3.0,4.4,0.682,0.682,1.8,3.2,0.563,3.4,3.2,6.6,1.4,0.2,1.2,1.6,2.2,7.8,,2026
Nick Smith Jr.,21.0,LAL,SG,5.0,0.0,17.4,3.0,7.0,0.429,1.4,3.2,0.438,1.6,3.8,0.421,0.529,0.4,0.6,0.667,0.0,1.2,1.2,2.4,0.4,0.2,2.0,0.8,7.8,,2026
Buddy Hield,33.0,GSW,SG,10.0,0.0,17.1,2.8,6.4,0.438,1.5,4.3,0.349,1.3,2.1,0.619,0.555,0.6,0.6,1.0,0.3,1.0,1.3,1.5,0.6,0.0,1.0,1.3,7.7,,2026
Jakob Poeltl,30.0,TOR,C,6.0,6.0,22.8,3.5,5.5,0.636,0.0,0.0,,3.5,5.5,0.636,0.636,0.7,1.5,0.444,2.7,4.0,6.7,1.7,0.3,0.5,1.7,4.2,7.7,,2026
Ben Sheppard,24.0,IND,SG,9.0,4.0,26.7,2.8,7.9,0.352,1.0,4.3,0.231,1.8,3.6,0.5,0.415,1.1,1.4,0.769,1.0,3.9,4.9,2.1,0.4,0.2,0.8,2.4,7.7,,2026
Klay Thompson,35.0,DAL,SF,9.0,7.0,20.0,2.8,8.8,0.316,1.6,5.9,0.264,1.2,2.9,0.423,0.405,0.4,0.4,1.0,0.2,2.7,2.9,1.9,0.3,0.3,1.2,0.7,7.6,,2026
Dominick Barlow,22.0,PHI,PF,2.0,2.0,25.0,2.5,5.0,0.5,0.0,2.0,0.0,2.5,3.0,0.833,0.5,2.5,3.0,0.833,3.0,3.0,6.0,2.5,0.0,0.5,1.5,2.0,7.5,,2026
Mouhamed Gueye,23.0,ATL,PF,10.0,2.0,17.7,3.0,5.6,0.536,1.0,2.7,0.37,2.0,2.9,0.69,0.625,0.5,1.0,0.5,1.2,3.2,4.4,1.5,0.3,0.8,0.8,1.8,7.5,,2026
Vit Krejci,25.0,ATL,PG,6.0,0.0,17.7,2.7,6.2,0.432,1.3,4.3,0.308,1.3,1.8,0.727,0.541,0.8,1.2,0.714,0.5,1.8,2.3,1.2,0.3,0.2,0.7,2.2,7.5,,2026
Isaiah Jackson,24.0,IND,C,9.0,8.0,18.1,2.8,5.6,0.5,0.0,0.0,,2.8,5.6,0.5,0.5,1.9,2.3,0.81,2.2,3.7,5.9,0.9,0.7,0.3,1.1,3.2,7.4,,2026
Dalton Knecht,24.0,LAL,SF,9.0,1.0,19.0,2.9,6.7,0.433,0.9,3.7,0.242,2.0,3.0,0.667,0.5,0.7,0.8,0.857,0.3,1.6,1.9,0.7,0.4,0.4,0.8,1.7,7.3,,2026
Tyrese Martin,26.0,BRK,SG,9.0,2.0,20.7,2.7,7.4,0.358,1.4,4.6,0.317,1.2,2.9,0.423,0.455,0.6,0.9,0.625,1.0,2.1,3.1,2.6,0.4,0.1,1.0,0.8,7.3,,2026
Brice Sensabaugh,22.0,UTA,SF,8.0,0.0,13.4,2.4,6.1,0.388,1.1,4.1,0.273,1.3,2.0,0.625,0.48,1.4,1.5,0.917,0.0,2.0,2.0,1.0,0.4,0.1,0.6,1.6,7.3,,2026
Marvin Bagley III,26.0,WAS,PF,10.0,0.0,14.5,2.9,4.5,0.644,0.2,0.5,0.4,2.7,4.0,0.675,0.667,1.2,1.7,0.706,2.1,2.4,4.5,1.3,0.3,0.4,0.8,2.4,7.2,,2026
Kris Dunn,31.0,LAC,PG,9.0,3.0,24.9,2.9,5.3,0.542,0.9,2.0,0.444,2.0,3.3,0.6,0.625,0.6,0.9,0.625,1.1,1.7,2.8,2.1,1.7,0.1,1.6,2.3,7.2,,2026
Luguentz Dort,26.0,OKC,SF,7.0,7.0,31.9,2.4,7.7,0.315,1.0,5.1,0.194,1.4,2.6,0.556,0.38,1.3,1.4,0.9,1.9,3.1,5.0,1.6,1.0,0.0,0.7,2.7,7.1,,2026
Peyton Watson,23.0,DEN,SF,9.0,1.0,21.2,2.4,5.1,0.478,0.4,1.4,0.308,2.0,3.7,0.545,0.522,1.8,2.1,0.842,1.3,2.7,4.0,1.7,1.2,1.1,1.1,1.4,7.1,,2026
Kyle Anderson,32.0,UTA,SF,3.0,0.0,16.3,2.7,5.7,0.471,0.0,0.0,,2.7,5.7,0.471,0.471,1.7,2.3,0.714,1.0,1.3,2.3,3.0,0.3,0.0,1.0,2.0,7.0,,2026
Brook Lopez,37.0,LAC,C,9.0,0.0,15.8,2.7,6.4,0.414,1.4,4.4,0.325,1.2,2.0,0.611,0.526,0.2,0.4,0.5,0.4,2.2,2.7,0.2,0.4,0.9,0.9,1.4,7.0,,2026
Vince Williams Jr.,25.0,MEM,SG,5.0,0.0,16.8,2.2,5.4,0.407,1.0,3.6,0.278,1.2,1.8,0.667,0.5,1.6,1.6,1.0,0.4,2.4,2.8,2.2,1.0,0.2,1.4,2.6,7.0,,2026
Jalen Wilson,25.0,BRK,PF,8.0,0.0,16.9,2.1,4.6,0.459,1.5,3.3,0.462,0.6,1.4,0.455,0.622,1.3,1.6,0.769,0.0,0.9,0.9,0.9,0.1,0.0,0.8,1.4,7.0,,2026
Kyle Filipowski,22.0,UTA,C,9.0,5.0,19.2,2.4,6.6,0.373,0.9,2.9,0.308,1.6,3.7,0.424,0.441,1.1,1.8,0.625,1.8,3.2,5.0,2.2,0.4,0.3,1.2,3.1,6.9,,2026
Jusuf Nurkić,31.0,UTA,C,9.0,4.0,21.2,2.7,7.1,0.375,0.2,2.0,0.111,2.4,5.1,0.478,0.391,1.3,2.0,0.667,2.0,6.8,8.8,3.0,1.6,0.4,2.7,2.4,6.9,,2026
Landry Shamet,28.0,NYK,SG,8.0,2.0,17.8,2.0,5.1,0.39,1.8,4.1,0.424,0.3,1.0,0.25,0.561,1.1,1.3,0.9,0.5,1.6,2.1,0.5,0.4,0.1,0.6,0.8,6.9,,2026
Jose Alvarado,27.0,NOP,PG,8.0,0.0,17.9,2.3,4.9,0.462,1.6,3.4,0.481,0.6,1.5,0.417,0.628,0.6,0.8,0.833,0.4,2.4,2.8,2.4,0.9,0.0,0.5,1.1,6.8,,2026
Caris LeVert,31.0,DET,SG,6.0,0.0,19.2,2.3,6.0,0.389,0.8,2.8,0.294,1.5,3.2,0.474,0.458,1.3,2.2,0.615,0.2,1.3,1.5,2.2,0.8,0.0,1.5,1.3,6.8,,2026
Asa Newell,20.0,ATL,PF,5.0,0.0,11.6,2.6,5.0,0.52,1.2,2.4,0.5,1.4,2.6,0.538,0.64,0.4,0.6,0.667,1.6,1.4,3.0,0.2,0.8,0.2,0.6,1.8,6.8,,2026
Keon Ellis,26.0,SAC,SG,9.0,1.0,18.7,2.3,5.0,0.467,1.4,3.4,0.419,0.9,1.6,0.571,0.611,0.6,0.9,0.625,0.3,1.4,1.8,0.7,1.4,0.1,0.4,2.4,6.7,,2026
Mike Conley,38.0,MIN,PG,9.0,4.0,20.9,1.9,4.6,0.415,1.3,2.8,0.48,0.6,1.8,0.313,0.561,1.4,1.4,1.0,0.4,1.7,2.1,4.0,0.7,0.3,1.2,2.0,6.6,,2026
Cam Christie,20.0,LAC,SG,6.0,0.0,11.3,2.0,3.8,0.522,1.0,2.0,0.5,1.0,1.8,0.545,0.652,1.5,2.2,0.692,0.5,1.3,1.8,0.7,0.2,0.2,0.2,0.3,6.5,,2026
Jamal Shead,23.0,TOR,PG,10.0,0.0,17.4,2.0,4.8,0.417,1.2,2.7,0.444,0.8,2.1,0.381,0.542,1.2,1.4,0.857,0.4,1.5,1.9,5.0,0.7,0.0,1.1,2.0,6.4,,2026
Bogdan Bogdanović,33.0,LAC,SG,4.0,2.0,22.8,1.8,6.3,0.28,1.0,4.3,0.235,0.8,2.0,0.375,0.36,1.8,2.0,0.875,0.5,3.5,4.0,2.5,0.5,0.3,1.8,1.8,6.3,,2026
Bruce Brown,29.0,DEN,SG,9.0,0.0,20.6,2.4,5.4,0.449,0.7,1.7,0.4,1.8,3.8,0.471,0.51,0.8,1.0,0.778,1.1,3.0,4.1,1.6,0.8,0.2,1.1,2.7,6.3,,2026
Drew Eubanks,28.0,SAC,C,9.0,3.0,16.0,2.8,4.3,0.641,0.0,0.1,0.0,2.8,4.2,0.658,0.641,0.8,2.0,0.389,0.6,2.2,2.8,0.2,0.7,1.2,1.2,1.4,6.3,,2026
Mac McClung,27.0,IND,SG,3.0,0.0,11.3,2.3,6.0,0.389,0.7,3.3,0.2,1.7,2.7,0.625,0.444,1.0,1.3,0.75,0.0,1.3,1.3,0.3,1.7,0.3,0.7,2.0,6.3,,2026
Day'Ron Sharpe,24.0,BRK,C,9.0,0.0,16.3,2.3,3.8,0.618,0.3,1.0,0.333,2.0,2.8,0.72,0.662,1.3,2.3,0.571,2.2,3.0,5.2,1.8,0.9,0.6,2.2,2.6,6.3,,2026
RayJ Dennis,24.0,IND,PG,8.0,0.0,18.3,2.1,7.6,0.279,1.1,4.0,0.281,1.0,3.6,0.276,0.352,0.8,0.9,0.857,0.9,1.3,2.1,3.0,0.4,0.5,1.1,1.9,6.1,,2026
Taurean Prince,31.0,MIL,SF,8.0,0.0,21.1,2.1,4.8,0.447,1.5,3.5,0.429,0.6,1.3,0.5,0.605,0.4,0.4,1.0,0.0,1.6,1.6,1.0,0.8,0.3,0.6,2.5,6.1,,2026
Dru Smith,28.0,MIA,SG,10.0,0.0,17.3,2.4,4.9,0.49,0.8,2.3,0.348,1.6,2.6,0.615,0.571,0.5,0.6,0.833,0.7,1.0,1.7,3.8,1.8,0.2,1.0,1.6,6.1,,2026
Steven Adams,32.0,HOU,C,7.0,2.0,22.1,2.1,3.6,0.6,0.0,0.0,,2.1,3.6,0.6,0.6,1.7,2.1,0.8,4.7,4.6,9.3,1.6,1.0,0.6,1.1,2.3,6.0,,2026
Goga Bitadze,26.0,ORL,C,9.0,0.0,17.2,2.4,3.3,0.733,0.2,0.6,0.4,2.2,2.8,0.8,0.767,0.9,1.6,0.571,1.7,3.8,5.4,1.4,0.3,1.1,0.4,1.8,6.0,,2026
Bub Carrington,20.0,WAS,PG,10.0,5.0,27.5,1.9,6.6,0.288,1.2,3.0,0.4,0.7,3.6,0.194,0.379,1.0,1.3,0.769,0.2,3.8,4.0,4.7,0.7,0.2,2.7,2.5,6.0,,2026
Walter Clayton,22.0,UTA,PG,9.0,0.0,16.4,2.1,4.8,0.442,0.8,2.3,0.333,1.3,2.4,0.545,0.523,1.0,1.0,1.0,0.7,1.9,2.6,3.3,0.6,0.1,1.3,2.0,6.0,,2026
Blake Wesley,22.0,POR,SG,6.0,0.0,16.3,2.3,5.7,0.412,0.3,1.7,0.2,2.0,4.0,0.5,0.441,1.0,1.7,0.6,0.3,2.0,2.3,3.2,1.7,0.2,1.2,2.3,6.0,,2026
Ace Bailey,19.0,UTA,SF,9.0,0.0,18.4,2.2,6.6,0.339,0.4,2.1,0.211,1.8,4.4,0.4,0.373,1.0,1.1,0.9,1.7,1.7,3.3,1.6,0.3,0.1,1.3,1.8,5.9,,2026
Alex Caruso,31.0,OKC,SG,6.0,0.0,21.3,2.0,5.5,0.364,1.3,3.8,0.348,0.7,1.7,0.4,0.485,0.5,0.7,0.75,0.2,1.7,1.8,2.7,1.8,0.5,0.5,1.0,5.8,,2026
Malaki Branham,22.0,WAS,SG,3.0,0.0,10.3,2.0,3.3,0.6,0.3,1.7,0.2,1.7,1.7,1.0,0.65,1.3,2.0,0.667,1.0,1.7,2.7,0.7,0.0,0.0,0.3,0.7,5.7,,2026
Jaxson Hayes,25.0,LAL,C,7.0,1.0,18.1,2.6,3.6,0.72,0.1,0.1,1.0,2.4,3.4,0.708,0.74,0.4,1.0,0.429,1.1,3.1,4.3,1.6,0.3,0.6,0.4,1.9,5.7,,2026
Egor Demin,19.0,BRK,PG,8.0,1.0,19.4,1.9,5.5,0.341,1.5,4.5,0.333,0.4,1.0,0.375,0.477,0.4,0.5,0.75,0.5,2.5,3.0,3.1,1.0,0.3,1.5,2.0,5.6,,2026
Andre Drummond,32.0,PHI,C,8.0,0.0,16.6,2.3,4.1,0.545,0.3,0.8,0.333,2.0,3.4,0.593,0.576,0.9,1.6,0.538,2.8,4.9,7.6,0.6,0.8,1.0,0.4,1.9,5.6,,2026
Quinten Post,25.0,GSW,PF,10.0,5.0,15.2,2.2,4.5,0.489,1.2,3.0,0.4,1.0,1.5,0.667,0.622,0.0,0.0,,0.9,2.9,3.8,0.9,0.4,0.7,0.7,1.5,5.6,,2026
Kris Murray,25.0,POR,SF,8.0,0.0,22.3,2.4,5.0,0.475,0.4,1.6,0.231,2.0,3.4,0.593,0.513,0.4,0.5,0.75,1.1,1.5,2.6,1.0,1.1,0.3,0.8,2.1,5.5,,2026
Jarred Vanderbilt,26.0,LAL,PF,10.0,2.0,20.3,1.9,4.2,0.452,0.2,1.0,0.2,1.7,3.2,0.531,0.476,1.5,1.7,0.882,1.7,4.8,6.5,1.6,1.2,0.5,1.5,2.0,5.5,,2026
Dean Wade,29.0,CLE,PF,9.0,1.0,21.2,1.7,4.9,0.341,1.1,3.9,0.286,0.6,1.0,0.556,0.455,1.0,1.3,0.75,1.0,2.4,3.4,1.3,0.9,0.4,0.2,2.1,5.4,,2026
Rob Dillingham,21.0,MIN,PG,7.0,0.0,12.6,2.3,5.3,0.432,0.1,1.0,0.143,2.1,4.3,0.5,0.446,0.6,1.0,0.571,0.0,0.9,0.9,2.4,0.7,0.0,1.4,1.4,5.3,,2026
Dereck Lively II,21.0,DAL,C,3.0,3.0,17.0,2.3,3.0,0.778,0.0,0.0,,2.3,3.0,0.778,0.778,0.7,1.3,0.5,1.3,3.7,5.0,3.0,0.7,1.3,1.7,3.0,5.3,,2026
Keaton Wallace,26.0,ATL,PG,9.0,1.0,14.9,1.9,4.1,0.459,1.2,2.3,0.524,0.7,1.8,0.375,0.608,0.2,0.4,0.5,0.1,1.7,1.8,3.1,0.6,0.2,0.8,1.3,5.2,,2026
Jaylin Williams,23.0,OKC,PF,10.0,1.0,18.1,1.8,5.3,0.34,1.3,4.8,0.271,0.5,0.5,1.0,0.462,0.3,0.4,0.75,0.6,4.0,4.6,2.1,0.7,0.8,0.7,1.7,5.2,,2026
Tony Bradley,28.0,IND,C,9.0,0.0,12.7,2.1,3.1,0.679,0.0,0.1,0.0,2.1,3.0,0.704,0.679,0.9,1.4,0.615,2.3,1.2,3.6,0.7,0.2,0.2,0.3,2.2,5.1,,2026
Javonte Green,32.0,DET,SG,9.0,0.0,17.7,1.7,5.0,0.333,0.9,2.6,0.348,0.8,2.4,0.318,0.422,0.9,1.2,0.727,0.7,2.0,2.7,1.0,1.0,0.3,0.2,1.4,5.1,,2026
Jay Huff,27.0,IND,C,9.0,1.0,14.6,1.7,4.6,0.366,0.8,3.2,0.241,0.9,1.3,0.667,0.451,0.9,0.9,1.0,1.0,1.6,2.6,0.8,0.1,1.8,0.6,1.8,5.0,,2026
Duop Reath,29.0,POR,C,6.0,0.0,9.3,1.7,3.0,0.556,1.7,2.8,0.588,0.0,0.2,0.0,0.833,0.0,0.0,,0.2,0.5,0.7,0.7,0.0,0.2,0.2,0.5,5.0,,2026
KJ Simpson,23.0,CHO,PG,3.0,0.0,14.3,1.7,4.7,0.357,0.7,1.7,0.4,1.0,3.0,0.333,0.429,1.0,1.3,0.75,1.0,1.7,2.7,2.3,0.7,0.0,1.7,1.7,5.0,,2026
Matisse Thybulle,28.0,POR,SG,4.0,0.0,12.3,1.5,2.5,0.6,1.0,1.5,0.667,0.5,1.0,0.5,0.8,1.0,1.0,1.0,0.0,1.0,1.0,0.8,2.5,0.0,0.3,1.8,5.0,,2026
Jaylen Clark,24.0,MIN,SG,7.0,0.0,16.7,1.9,4.1,0.448,0.4,1.4,0.3,1.4,2.7,0.526,0.5,0.7,1.4,0.5,1.3,1.1,2.4,1.1,1.0,0.1,0.3,2.6,4.9,,2026
Jaden Hardy,23.0,DAL,SG,9.0,0.0,11.1,1.6,4.2,0.368,1.0,2.6,0.391,0.6,1.7,0.333,0.487,0.8,1.0,0.778,0.2,1.0,1.2,0.4,0.4,0.1,0.6,1.0,4.9,,2026
Luka Garza,27.0,BOS,C,9.0,0.0,13.0,1.6,3.6,0.438,0.4,1.6,0.286,1.1,2.0,0.556,0.5,1.2,1.4,0.846,1.8,1.2,3.0,0.8,0.3,0.7,0.4,2.9,4.8,,2026
Bones Hyland,25.0,MIN,PG,9.0,0.0,10.4,1.8,3.6,0.5,0.9,2.3,0.381,0.9,1.2,0.727,0.625,0.3,0.4,0.75,0.1,0.9,1.0,1.7,0.4,0.0,0.9,1.3,4.8,,2026
Julian Strawther,23.0,DEN,SG,6.0,0.0,8.5,1.5,3.7,0.409,0.3,1.8,0.182,1.2,1.8,0.636,0.455,1.5,2.2,0.692,0.0,1.8,1.8,0.7,0.0,0.2,0.3,1.0,4.8,,2026
Lonzo Ball,28.0,CLE,PG,8.0,1.0,23.9,1.6,5.6,0.289,1.0,4.3,0.235,0.6,1.4,0.455,0.378,0.4,0.6,0.6,1.0,2.9,3.9,5.5,0.9,0.1,2.3,1.8,4.6,,2026
Jordan Goodwin,27.0,PHO,PG,7.0,0.0,13.7,1.4,4.3,0.333,1.0,3.1,0.318,0.4,1.1,0.375,0.45,0.7,1.0,0.714,0.7,1.3,2.0,1.3,1.0,0.1,1.4,1.4,4.6,,2026
Larry Nance Jr.,33.0,CLE,PF,9.0,1.0,16.7,1.9,5.3,0.354,0.7,2.4,0.273,1.2,2.9,0.423,0.417,0.1,0.3,0.333,1.0,2.7,3.7,1.4,0.4,0.2,0.6,2.9,4.6,,2026
Tyrese Proctor,21.0,CLE,PG,9.0,0.0,11.6,1.6,4.1,0.378,1.0,2.9,0.346,0.6,1.2,0.455,0.5,0.4,0.6,0.8,0.2,0.9,1.1,1.2,0.4,0.0,0.7,1.6,4.6,,2026
Jamison Battle,24.0,TOR,SF,8.0,0.0,6.9,1.6,2.3,0.722,1.3,1.8,0.714,0.4,0.5,0.75,1.0,0.0,0.0,,0.1,0.8,0.9,0.1,0.3,0.1,0.4,0.6,4.5,,2026
Al Horford,39.0,GSW,C,6.0,0.0,22.0,1.8,6.2,0.297,0.8,4.0,0.208,1.0,2.2,0.462,0.365,0.0,0.0,,1.0,3.5,4.5,1.3,0.7,0.5,1.5,2.0,4.5,,2026
DeAndre Jordan,37.0,NOP,C,2.0,1.0,11.5,2.0,2.5,0.8,0.0,0.0,,2.0,2.5,0.8,0.8,0.5,1.0,0.5,2.0,3.0,5.0,0.0,0.0,0.0,0.5,0.5,4.5,,2026
Pat Spencer,29.0,GSW,PG,6.0,0.0,11.0,1.7,4.7,0.357,0.3,1.2,0.286,1.3,3.5,0.381,0.393,0.8,1.0,0.833,0.5,1.5,2.0,1.8,0.7,0.0,0.7,1.0,4.5,,2026
Nique Clifford,23.0,SAC,SG,5.0,2.0,21.6,1.8,5.0,0.36,0.6,2.2,0.273,1.2,2.8,0.429,0.42,0.2,0.4,0.5,1.0,2.6,3.6,2.0,0.6,0.6,0.4,2.8,4.4,,2026
Taylor Hendricks,22.0,UTA,PF,9.0,3.0,16.4,1.7,4.4,0.375,0.4,1.9,0.235,1.2,2.6,0.478,0.425,0.7,0.9,0.75,1.8,2.4,4.2,0.4,0.4,0.3,0.6,0.4,4.4,,2026
Trayce Jackson-Davis,25.0,GSW,C,6.0,0.0,11.5,1.7,3.5,0.476,0.0,0.0,,1.7,3.5,0.476,0.476,1.0,1.0,1.0,1.2,1.2,2.3,1.5,0.5,0.5,0.2,1.7,4.3,,2026
Craig Porter Jr.,25.0,CLE,PG,10.0,0.0,16.4,1.7,3.6,0.472,0.6,1.7,0.353,1.1,1.9,0.579,0.556,0.3,0.7,0.429,1.6,1.6,3.2,2.2,0.9,0.2,0.9,1.1,4.3,,2026
Nick Richards,28.0,PHO,C,10.0,0.0,9.8,1.6,2.9,0.552,0.0,0.0,,1.6,2.9,0.552,0.552,1.1,1.2,0.917,1.2,1.9,3.1,0.3,0.2,0.5,1.0,1.4,4.3,,2026
Jeremiah Robinson-Earl,25.0,IND,PF,4.0,0.0,13.8,1.8,5.0,0.35,0.5,1.3,0.4,1.3,3.8,0.333,0.4,0.3,0.3,1.0,2.5,3.0,5.5,0.8,0.5,0.0,0.3,0.8,4.3,,2026
Javon Small,23.0,MEM,PG,8.0,0.0,12.4,1.3,3.5,0.357,0.8,2.4,0.316,0.5,1.1,0.444,0.464,1.0,1.3,0.8,0.1,0.9,1.0,2.8,0.0,0.1,1.0,0.9,4.3,,2026
Jordan Hawkins,23.0,NOP,SG,8.0,0.0,14.9,1.5,5.4,0.279,0.6,2.8,0.227,0.9,2.6,0.333,0.337,0.5,0.5,1.0,0.5,1.1,1.6,0.6,0.3,0.0,0.3,0.4,4.1,,2026
Precious Achiuwa,26.0,SAC,C,2.0,0.0,13.0,1.5,3.5,0.429,0.0,1.0,0.0,1.5,2.5,0.6,0.429,1.0,1.5,0.667,0.5,3.0,3.5,0.0,0.5,0.5,0.5,0.0,4.0,,2026
Koby Brea,23.0,PHO,SG,1.0,0.0,4.0,1.0,2.0,0.5,0.0,1.0,0.0,1.0,1.0,1.0,0.5,2.0,2.0,1.0,0.0,0.0,0.0,1.0,0.0,0.0,0.0,0.0,4.0,,2026
Clint Capela,31.0,HOU,C,8.0,0.0,10.3,1.5,2.1,0.706,0.0,0.0,,1.5,2.1,0.706,0.706,1.0,1.3,0.8,2.5,2.4,4.9,0.5,0.3,0.8,0.4,1.0,4.0,,2026
Justin Edwards,22.0,PHI,SF,8.0,1.0,11.5,1.5,3.9,0.387,1.0,2.8,0.364,0.5,1.1,0.444,0.516,0.0,0.0,,0.4,1.0,1.4,0.6,0.1,0.3,0.4,2.0,4.0,,2026
Eric Gordon,37.0,PHI,SG,2.0,0.0,8.0,1.5,2.0,0.75,1.0,1.5,0.667,0.5,0.5,1.0,1.0,0.0,0.0,,0.0,0.0,0.0,0.0,0.5,0.0,0.5,0.5,4.0,,2026
Kevon Looney,29.0,NOP,C,4.0,3.0,15.8,1.5,4.3,0.353,0.3,1.3,0.2,1.3,3.0,0.417,0.382,0.8,1.5,0.5,1.8,3.0,4.8,1.5,0.0,0.8,1.0,2.3,4.0,,2026
Olivier-Maxence Prosper,23.0,MEM,PF,7.0,0.0,7.0,1.1,1.9,0.615,0.0,0.4,0.0,1.1,1.4,0.8,0.615,1.7,1.7,1.0,0.7,1.3,2.0,0.1,0.1,0.0,0.4,0.3,4.0,,2026
Paul Reed,26.0,DET,C,7.0,0.0,8.7,1.9,3.0,0.619,0.3,0.4,0.667,1.6,2.6,0.611,0.667,0.0,0.3,0.0,1.4,1.1,2.6,0.6,0.7,0.4,0.9,1.7,4.0,,2026
Mitchell Robinson,27.0,NYK,C,3.0,3.0,16.3,2.0,3.7,0.545,0.0,0.0,,2.0,3.7,0.545,0.545,0.0,0.3,0.0,6.3,2.3,8.7,1.3,0.3,1.7,0.7,1.7,4.0,,2026
Mark Sears,23.0,MIL,PG,2.0,0.0,6.0,0.5,2.0,0.25,0.5,1.0,0.5,0.0,1.0,0.0,0.375,2.5,3.0,0.833,0.0,0.0,0.0,0.0,0.0,0.0,0.5,1.0,4.0,,2026
Lindy Waters III,28.0,SAS,SG,3.0,0.0,10.0,1.3,2.0,0.667,1.3,2.0,0.667,0.0,0.0,,1.0,0.0,0.0,,0.0,1.0,1.0,0.7,0.0,0.0,0.0,0.7,4.0,,2026
James Wiseman,24.0,IND,C,1.0,1.0,20.0,2.0,3.0,0.667,0.0,0.0,,2.0,3.0,0.667,0.667,0.0,0.0,,4.0,0.0,4.0,0.0,0.0,1.0,3.0,2.0,4.0,,2026
Terrence Shannon Jr.,25.0,MIN,SG,7.0,0.0,16.4,1.3,4.0,0.321,0.6,1.6,0.364,0.7,2.4,0.294,0.393,0.7,1.0,0.714,0.4,2.0,2.4,1.1,0.6,0.0,0.9,1.6,3.9,,2026
Pat Connaughton,33.0,CHO,SG,5.0,0.0,8.0,1.4,2.6,0.538,0.6,1.4,0.429,0.8,1.2,0.667,0.654,0.4,0.6,0.667,0.4,1.0,1.4,0.4,0.0,0.2,0.4,0.6,3.8,,2026
Oso Ighodaro,23.0,PHO,PF,10.0,4.0,15.8,1.7,3.7,0.459,0.0,0.0,,1.7,3.7,0.459,0.459,0.4,0.8,0.5,0.3,2.7,3.0,1.3,0.2,0.5,1.3,3.0,3.8,,2026
Yanic Konan Niederhauser,22.0,LAC,C,5.0,0.0,4.4,1.4,1.6,0.875,0.0,0.0,,1.4,1.6,0.875,0.875,1.0,1.6,0.625,0.6,0.6,1.2,0.4,0.0,0.2,0.2,0.4,3.8,,2026
Gabe Vincent,29.0,LAL,PG,3.0,3.0,24.0,1.0,4.3,0.231,0.7,3.3,0.2,0.3,1.0,0.333,0.308,1.0,1.0,1.0,0.3,0.7,1.0,2.3,1.0,0.0,0.7,2.3,3.7,,2026
Karlo Matković,24.0,NOP,PF,7.0,0.0,7.3,1.7,2.6,0.667,0.0,0.1,0.0,1.7,2.4,0.706,0.667,0.1,0.9,0.167,0.7,1.7,2.4,0.3,0.0,0.3,0.3,0.7,3.6,,2026
Liam McNeeley,20.0,CHO,SF,7.0,0.0,11.9,0.9,2.6,0.333,0.6,1.7,0.333,0.3,0.9,0.333,0.444,1.3,1.6,0.818,0.4,1.4,1.9,1.3,0.3,0.0,0.6,1.3,3.6,,2026
Charles Bassey,25.0,MEM,C,2.0,0.0,15.5,1.5,4.0,0.375,0.0,0.0,,1.5,4.0,0.375,0.375,0.5,1.5,0.333,3.5,4.0,7.5,1.0,0.5,0.5,0.5,2.5,3.5,,2026
Jordan McLaughlin,29.0,SAS,PG,8.0,0.0,9.3,1.3,3.0,0.417,0.6,1.9,0.333,0.6,1.1,0.556,0.521,0.4,0.4,1.0,0.4,0.4,0.8,1.3,0.9,0.0,0.3,0.9,3.5,,2026
Maxime Raynaud,22.0,SAC,C,4.0,0.0,13.5,1.0,3.8,0.267,0.0,0.5,0.0,1.0,3.3,0.308,0.267,1.5,1.5,1.0,1.5,3.0,4.5,0.8,0.5,0.3,0.8,1.0,3.5,,2026
Ben Saraf,19.0,BRK,SG,6.0,5.0,15.7,1.0,4.3,0.231,0.5,2.2,0.231,0.5,2.2,0.231,0.288,1.0,1.3,0.75,0.3,1.7,2.0,2.7,0.3,0.0,1.5,2.2,3.5,,2026
Daniss Jenkins,24.0,DET,PG,5.0,0.0,9.4,1.2,2.6,0.462,0.4,0.8,0.5,0.8,1.8,0.444,0.538,0.6,1.2,0.5,0.0,0.2,0.2,1.2,1.0,0.0,0.8,0.8,3.4,,2026
Noah Penda,21.0,ORL,SF,5.0,0.0,9.0,1.2,2.2,0.545,0.4,0.4,1.0,0.8,1.8,0.444,0.636,0.6,0.8,0.75,1.0,1.0,2.0,1.0,0.2,0.4,0.4,1.2,3.4,,2026
Cody Williams,21.0,UTA,SG,5.0,0.0,9.6,1.4,2.8,0.5,0.4,1.2,0.333,1.0,1.6,0.625,0.571,0.2,0.4,0.5,0.2,0.8,1.0,0.4,0.2,0.2,0.6,1.4,3.4,,2026
Aaron Holiday,29.0,HOU,PG,4.0,0.0,6.5,1.0,1.8,0.571,0.5,1.0,0.5,0.5,0.8,0.667,0.714,0.8,0.8,1.0,0.0,0.8,0.8,1.0,0.0,0.0,1.0,0.8,3.3,,2026
John Konchar,29.0,MEM,SG,8.0,0.0,13.3,1.3,2.1,0.588,0.6,1.4,0.455,0.6,0.8,0.833,0.735,0.1,0.1,1.0,0.1,2.5,2.6,0.9,0.9,0.5,0.4,0.6,3.3,,2026
Caleb Love,24.0,POR,SG,3.0,0.0,8.7,1.3,5.0,0.267,0.7,3.0,0.222,0.7,2.0,0.333,0.333,0.0,0.0,,0.3,2.3,2.7,2.0,0.0,0.0,0.3,0.0,3.3,,2026
Drake Powell,20.0,BRK,SG,3.0,0.0,13.0,1.7,3.0,0.556,0.0,1.0,0.0,1.7,2.0,0.833,0.556,0.0,0.0,,0.7,1.3,2.0,1.0,0.3,0.0,1.3,2.0,3.3,,2026
Moussa Cisse,23.0,DAL,C,6.0,0.0,9.2,1.3,2.0,0.667,0.0,0.0,,1.3,2.0,0.667,0.667,0.5,1.3,0.375,1.7,1.5,3.2,0.2,0.2,0.8,1.0,1.5,3.2,,2026
Ryan Nembhard,22.0,DAL,PG,5.0,0.0,9.0,1.4,3.0,0.467,0.0,0.8,0.0,1.4,2.2,0.636,0.467,0.4,0.6,0.667,0.2,0.0,0.2,1.8,0.0,0.0,1.2,0.6,3.2,,2026
Jordan Walsh,21.0,BOS,PF,6.0,0.0,11.2,1.3,2.8,0.471,0.5,1.3,0.375,0.8,1.5,0.556,0.559,0.0,0.0,,1.2,1.7,2.8,0.3,0.5,0.2,0.3,1.3,3.2,,2026
Justin Champagnie,24.0,WAS,SF,9.0,3.0,9.8,0.8,2.3,0.333,0.2,1.0,0.222,0.6,1.3,0.417,0.381,1.3,1.4,0.923,1.9,1.8,3.7,0.4,0.4,0.0,0.2,1.2,3.1,,2026
Hugo González,19.0,BOS,SF,8.0,1.0,13.8,1.4,3.3,0.423,0.4,1.0,0.375,1.0,2.3,0.444,0.481,0.0,0.1,0.0,0.9,1.4,2.3,0.8,0.8,0.1,0.4,2.1,3.1,,2026
Tidjane Salaün,20.0,CHO,PF,7.0,0.0,11.9,1.0,2.7,0.368,0.6,1.7,0.333,0.4,1.0,0.429,0.474,0.6,0.9,0.667,0.7,2.9,3.6,0.7,0.3,0.1,0.4,1.1,3.1,,2026
Nicolas Batum,37.0,LAC,PF,9.0,2.0,15.9,1.0,3.6,0.281,1.0,3.3,0.3,0.0,0.2,0.0,0.422,0.0,0.0,,0.6,2.0,2.6,0.8,0.7,0.6,0.6,1.7,3.0,,2026
Myron Gardner,24.0,MIA,SF,1.0,0.0,3.0,1.0,1.0,1.0,1.0,1.0,1.0,0.0,0.0,,1.5,0.0,0.0,,0.0,1.0,1.0,1.0,0.0,0.0,0.0,2.0,3.0,,2026
Jeff Green,39.0,HOU,PF,3.0,0.0,4.3,1.0,1.3,0.75,1.0,1.3,0.75,0.0,0.0,,1.125,0.0,0.0,,0.3,0.0,0.3,0.0,0.0,0.3,0.0,0.3,3.0,,2026
David Jones García,24.0,SAS,SF,3.0,0.0,3.7,1.3,2.3,0.571,0.0,0.0,,1.3,2.3,0.571,0.571,0.3,1.0,0.333,0.7,0.3,1.0,1.3,0.0,0.0,0.0,0.7,3.0,,2026
Bobi Klintman,22.0,DET,SF,2.0,0.0,11.0,1.5,4.0,0.375,0.0,1.5,0.0,1.5,2.5,0.6,0.375,0.0,1.5,0.0,1.5,2.5,4.0,0.5,1.0,0.0,0.5,1.0,3.0,,2026
Kyle Lowry,39.0,PHI,PG,1.0,0.0,3.0,1.0,1.0,1.0,1.0,1.0,1.0,0.0,0.0,,1.5,0.0,0.0,,0.0,0.0,0.0,1.0,1.0,0.0,0.0,0.0,3.0,,2026
Riley Minix,25.0,SAS,SF,3.0,0.0,2.7,1.3,2.0,0.667,0.3,1.0,0.333,1.0,1.0,1.0,0.75,0.0,0.0,,0.3,0.3,0.7,0.3,0.3,0.0,0.0,0.3,3.0,,2026
Monte Morris,30.0,IND,PG,1.0,0.0,15.0,1.0,5.0,0.2,0.0,2.0,0.0,1.0,3.0,0.333,0.2,1.0,2.0,0.5,0.0,2.0,2.0,0.0,1.0,0.0,0.0,0.0,3.0,,2026
Kelly Olynyk,34.0,SAS,C,2.0,0.0,7.5,1.5,1.5,1.0,0.0,0.0,,1.5,1.5,1.0,1.0,0.0,0.0,,1.5,1.0,2.5,1.5,0.0,0.0,0.5,1.5,3.0,,2026
Dwight Powell,34.0,DAL,C,9.0,0.0,10.2,0.7,1.2,0.545,0.0,0.0,,0.7,1.2,0.545,0.545,1.7,1.9,0.882,1.0,1.2,2.2,0.8,0.4,0.2,0.6,2.1,3.0,,2026
Nae'Qwan Tomlin,25.0,CLE,PF,2.0,0.0,3.5,1.0,2.0,0.5,0.0,0.5,0.0,1.0,1.5,0.667,0.5,1.0,1.0,1.0,0.5,0.5,1.0,0.0,0.5,0.5,0.0,1.0,3.0,,2026
Tristan Vukcevic,22.0,WAS,C,8.0,0.0,5.6,1.0,2.3,0.444,0.3,0.9,0.286,0.8,1.4,0.545,0.5,0.8,1.3,0.6,0.0,0.8,0.8,0.5,0.1,0.4,0.5,0.8,3.0,,2026
Xavier Tillman Sr.,27.0,BOS,C,7.0,0.0,8.7,1.3,2.6,0.5,0.3,1.1,0.25,1.0,1.4,0.7,0.556,0.0,0.0,,1.0,1.4,2.4,0.6,0.4,0.1,0.1,1.0,2.9,,2026
Kevin Love,37.0,UTA,PF,4.0,0.0,12.0,0.5,2.0,0.25,0.3,1.8,0.143,0.3,0.3,1.0,0.313,1.5,2.0,0.75,1.0,3.0,4.0,2.8,0.0,0.0,1.0,1.0,2.8,,2026
Ochai Agbaji,25.0,TOR,SG,9.0,1.0,13.9,1.0,2.8,0.36,0.1,1.3,0.083,0.9,1.4,0.615,0.38,0.6,0.9,0.625,0.2,1.9,2.1,0.7,0.6,0.1,0.3,1.8,2.7,,2026
JD Davison,23.0,HOU,PG,3.0,0.0,5.7,1.0,2.0,0.5,0.7,1.7,0.4,0.3,0.3,1.0,0.667,0.0,0.7,0.0,0.0,0.0,0.0,0.7,0.3,0.3,0.0,0.3,2.7,,2026
Johnny Furphy,21.0,IND,SG,3.0,0.0,12.3,1.0,2.0,0.5,0.7,1.0,0.667,0.3,1.0,0.333,0.667,0.0,0.0,,0.3,1.7,2.0,0.0,0.7,0.0,1.0,1.3,2.7,,2026
E.J. Liddell,25.0,BRK,PF,3.0,0.0,4.7,1.0,2.3,0.429,0.3,1.3,0.25,0.7,1.0,0.667,0.5,0.3,0.3,1.0,0.3,1.7,2.0,0.0,0.0,0.0,0.0,0.7,2.7,,2026
Jabari Walker,23.0,PHI,SF,9.0,5.0,12.9,1.2,3.1,0.393,0.0,0.8,0.0,1.2,2.3,0.524,0.393,0.2,0.3,0.667,1.4,1.7,3.1,0.2,0.2,0.3,0.3,1.9,2.7,,2026
Ja'Kobe Walter,21.0,TOR,SG,7.0,0.0,11.0,0.7,2.9,0.25,0.6,2.1,0.267,0.1,0.7,0.2,0.35,0.7,0.7,1.0,0.4,0.9,1.3,0.6,0.4,0.1,0.7,1.6,2.7,,2026
Branden Carlson,26.0,OKC,C,7.0,0.0,6.0,1.1,2.3,0.5,0.3,1.0,0.286,0.9,1.3,0.667,0.563,0.0,0.0,,0.1,1.3,1.4,0.3,0.0,0.1,0.3,0.9,2.6,,2026
Elijah Harkless,25.0,UTA,SG,5.0,0.0,12.4,0.8,2.2,0.364,0.4,1.4,0.286,0.4,0.8,0.5,0.455,0.6,1.0,0.6,0.4,0.8,1.2,0.8,0.6,0.0,0.6,2.0,2.6,,2026
Bronny James,21.0,LAL,SG,7.0,0.0,12.7,1.0,2.9,0.35,0.3,0.9,0.333,0.7,2.0,0.357,0.4,0.3,0.3,1.0,0.4,0.6,1.0,1.9,0.9,0.1,0.7,1.6,2.6,,2026
Tyler Kolek,24.0,NYK,PG,8.0,0.0,7.5,1.1,2.9,0.391,0.4,1.6,0.231,0.8,1.3,0.6,0.457,0.0,0.0,,0.3,0.4,0.6,1.3,0.1,0.0,0.8,1.0,2.6,,2026
Chris Boucher,33.0,BOS,PF,6.0,0.0,10.7,1.0,3.2,0.316,0.2,1.7,0.1,0.8,1.5,0.556,0.342,0.3,0.3,1.0,0.2,1.5,1.7,0.3,0.7,0.8,0.2,2.0,2.5,,2026
Carter Bryant,20.0,SAS,PF,6.0,0.0,7.3,0.8,2.5,0.333,0.3,1.0,0.333,0.5,1.5,0.333,0.4,0.5,0.5,1.0,0.0,0.8,0.8,0.0,0.3,0.2,0.5,0.7,2.5,,2026
Baylor Scheierman,25.0,BOS,SG,8.0,0.0,8.8,0.9,1.5,0.583,0.6,1.3,0.5,0.3,0.3,1.0,0.792,0.1,0.1,1.0,0.4,1.9,2.3,0.3,0.4,0.0,0.1,0.8,2.5,,2026
Robert Williams,28.0,POR,C,4.0,0.0,9.3,1.3,1.8,0.714,0.0,0.3,0.0,1.3,1.5,0.833,0.714,0.0,0.3,0.0,1.5,1.8,3.3,1.0,0.3,0.5,0.0,1.0,2.5,,2026
Leonard Miller,22.0,MIN,SF,5.0,0.0,4.4,1.0,1.4,0.714,0.0,0.2,0.0,1.0,1.2,0.833,0.714,0.4,0.6,0.667,0.0,1.2,1.2,0.0,0.2,0.0,0.6,0.6,2.4,,2026
Jalen Pickett,26.0,DEN,SG,5.0,1.0,7.8,1.0,2.2,0.455,0.2,1.0,0.2,0.8,1.2,0.667,0.5,0.2,0.2,1.0,0.2,0.8,1.0,1.2,0.0,0.0,0.4,0.6,2.4,,2026
Keshad Johnson,24.0,MIA,SF,3.0,0.0,6.7,1.0,3.7,0.273,0.3,2.0,0.167,0.7,1.7,0.4,0.318,0.0,0.0,,0.0,1.7,1.7,0.0,0.7,0.0,0.3,0.7,2.3,,2026
Chris Paul,40.0,LAC,PG,8.0,0.0,12.9,0.8,3.1,0.24,0.6,2.4,0.263,0.1,0.8,0.167,0.34,0.1,0.1,1.0,0.6,1.1,1.8,3.6,1.1,0.0,0.9,1.6,2.3,,2026
Gary Payton II,33.0,GSW,SG,9.0,0.0,8.4,1.1,2.2,0.5,0.1,0.9,0.125,1.0,1.3,0.75,0.525,0.0,0.0,,0.6,1.4,2.0,0.9,0.3,0.2,0.6,1.2,2.3,,2026
Will Riley,19.0,WAS,SF,8.0,0.0,7.6,0.9,2.1,0.412,0.1,0.5,0.25,0.8,1.6,0.462,0.441,0.4,0.8,0.5,0.3,1.4,1.6,0.9,0.3,0.0,0.3,0.3,2.3,,2026
Nolan Traoré,19.0,BRK,PG,3.0,0.0,11.0,0.7,3.0,0.222,0.7,2.0,0.333,0.0,1.0,0.0,0.333,0.3,0.7,0.5,0.0,0.3,0.3,1.3,0.7,0.0,0.7,1.7,2.3,,2026
Adem Bona,22.0,PHI,C,9.0,3.0,15.7,0.8,1.8,0.438,0.0,0.1,0.0,0.8,1.7,0.467,0.438,0.7,1.3,0.5,1.3,1.8,3.1,0.3,0.4,1.6,0.8,1.7,2.2,,2026
Tyus Jones,29.0,ORL,PG,9.0,1.0,13.4,1.0,2.9,0.346,0.2,1.7,0.133,0.8,1.2,0.636,0.385,0.0,0.0,,0.3,0.7,1.0,1.2,0.4,0.2,0.4,0.9,2.2,,2026
Khaman Maluach,19.0,PHO,C,5.0,0.0,4.8,0.4,0.8,0.5,0.0,0.2,0.0,0.4,0.6,0.667,0.5,1.4,1.6,0.875,0.2,0.2,0.4,0.2,0.0,0.4,0.4,1.0,2.2,,2026
Zeke Nnaji,25.0,DEN,PF,5.0,0.0,3.6,0.8,1.4,0.571,0.2,0.8,0.25,0.6,0.6,1.0,0.643,0.4,0.6,0.667,0.2,0.2,0.4,0.2,0.0,0.0,0.4,1.4,2.2,,2026
Jonathan Isaac,28.0,ORL,PF,8.0,0.0,8.0,0.8,1.9,0.4,0.3,1.3,0.2,0.5,0.6,0.8,0.467,0.4,0.8,0.5,0.3,1.6,1.9,0.1,0.4,0.5,0.4,0.5,2.1,,2026
Johni Broome,23.0,PHI,PF,2.0,0.0,3.0,1.0,2.5,0.4,0.0,0.5,0.0,1.0,2.0,0.5,0.4,0.0,0.0,,1.0,0.0,1.0,0.5,0.0,0.0,0.0,0.0,2.0,,2026
Thomas Bryant,28.0,CLE,C,6.0,0.0,5.7,1.0,2.3,0.429,0.0,1.0,0.0,1.0,1.3,0.75,0.429,0.0,0.3,0.0,0.5,0.8,1.3,0.2,0.5,0.3,0.2,0.7,2.0,,2026
Sidy Cissoko,21.0,POR,SF,4.0,0.0,10.0,0.8,1.8,0.429,0.0,0.5,0.0,0.8,1.3,0.6,0.429,0.5,0.8,0.667,1.0,0.8,1.8,0.5,0.5,0.0,0.0,2.0,2.0,,2026
Hunter Dickinson,25.0,NOP,C,1.0,0.0,5.0,1.0,2.0,0.5,0.0,0.0,,1.0,2.0,0.5,0.5,0.0,0.0,,0.0,0.0,0.0,0.0,0.0,1.0,2.0,2.0,2.0,,2026
Caleb Houstan,23.0,ATL,SF,4.0,0.0,6.0,0.5,0.8,0.667,0.3,0.5,0.5,0.3,0.3,1.0,0.833,0.8,0.8,1.0,0.5,0.0,0.5,0.3,0.0,0.3,0.3,0.3,2.0,,2026
Colby Jones,23.0,DET,SG,1.0,0.0,7.0,1.0,3.0,0.333,0.0,2.0,0.0,1.0,1.0,1.0,0.333,0.0,0.0,,0.0,4.0,4.0,2.0,0.0,0.0,0.0,1.0,2.0,,2026
Isaiah Livers,27.0,PHO,PF,5.0,0.0,8.8,0.6,1.8,0.333,0.4,1.6,0.25,0.2,0.2,1.0,0.444,0.4,0.4,1.0,0.4,0.2,0.6,0.4,0.4,0.4,0.2,0.6,2.0,,2026
Cody Martin,30.0,IND,SF,2.0,0.0,11.0,0.5,2.5,0.2,0.0,2.0,0.0,0.5,0.5,1.0,0.2,1.0,2.0,0.5,0.0,3.5,3.5,0.0,0.5,1.0,0.0,1.0,2.0,,2026
Taelon Peter,23.0,IND,SG,6.0,0.0,9.7,0.5,1.8,0.273,0.5,1.7,0.3,0.0,0.2,0.0,0.409,0.5,0.5,1.0,0.3,0.7,1.0,1.0,0.2,0.2,0.7,0.5,2.0,,2026
Jacob Toppin,25.0,ATL,SF,3.0,0.0,3.0,1.0,1.3,0.75,0.0,0.0,,1.0,1.3,0.75,0.75,0.0,0.0,,0.0,0.3,0.3,0.0,0.0,0.0,0.0,0.3,2.0,,2026
Jamir Watkins,24.0,WAS,SG,3.0,0.0,7.0,1.0,1.3,0.75,0.0,0.3,0.0,1.0,1.0,1.0,0.75,0.0,0.0,,0.3,1.7,2.0,0.0,0.0,0.3,0.3,1.3,2.0,,2026
Guerschon Yabusele,30.0,NYK,C,7.0,0.0,9.9,0.7,2.6,0.278,0.4,1.9,0.231,0.3,0.7,0.4,0.361,0.1,0.3,0.5,1.6,1.1,2.7,0.1,0.1,0.1,0.3,1.6,2.0,,2026
Nigel Hayes-Davis,31.0,PHO,SF,9.0,0.0,8.9,0.9,1.8,0.5,0.1,0.7,0.167,0.8,1.1,0.7,0.531,0.0,0.0,,0.6,0.7,1.2,0.4,0.4,0.0,0.4,0.9,1.9,,2026
Amir Coffey,28.0,MIL,SG,9.0,0.0,10.0,0.7,1.4,0.462,0.1,0.7,0.167,0.6,0.8,0.714,0.5,0.3,0.3,1.0,0.3,0.9,1.2,0.8,0.0,0.1,0.1,0.3,1.8,,2026
Anthony Gill,33.0,WAS,PF,5.0,0.0,2.6,0.6,0.8,0.75,0.2,0.2,1.0,0.4,0.6,0.667,0.875,0.4,0.4,1.0,0.2,0.6,0.8,0.0,0.0,0.0,0.4,0.2,1.8,,2026
PJ Hall,23.0,MEM,C,5.0,0.0,3.8,0.6,1.0,0.6,0.2,0.4,0.5,0.4,0.6,0.667,0.7,0.4,0.4,1.0,0.4,0.8,1.2,0.2,0.0,0.4,0.2,0.6,1.8,,2026
Yang Hansen,20.0,POR,C,5.0,0.0,5.8,0.4,1.8,0.222,0.0,0.6,0.0,0.4,1.2,0.333,0.222,1.0,1.2,0.833,0.6,0.2,0.8,0.0,0.0,0.4,0.6,0.8,1.8,,2026
Chaz Lanier,24.0,DET,SG,6.0,0.0,5.8,0.7,2.2,0.308,0.5,1.8,0.273,0.2,0.3,0.5,0.423,0.0,0.0,,0.2,0.2,0.3,0.3,0.2,0.0,0.2,0.0,1.8,,2026
Joan Beringer,19.0,MIN,PF,6.0,0.0,3.8,0.8,1.0,0.833,0.0,0.0,,0.8,1.0,0.833,0.833,0.0,0.2,0.0,0.2,1.2,1.3,0.0,0.0,0.2,0.3,0.7,1.7,,2026
Dylan Cardwell,24.0,SAC,C,3.0,1.0,11.0,0.7,2.0,0.333,0.0,0.3,0.0,0.7,1.7,0.4,0.333,0.3,0.7,0.5,0.7,1.0,1.7,0.0,0.7,1.0,0.7,3.3,1.7,,2026
Ousmane Dieng,22.0,OKC,C,7.0,0.0,10.6,0.6,2.6,0.222,0.3,1.4,0.2,0.3,1.1,0.25,0.278,0.3,0.3,1.0,0.3,1.9,2.1,0.6,0.0,0.7,0.3,1.3,1.7,,2026
Harrison Ingram,23.0,SAS,SF,3.0,0.0,3.7,0.7,1.0,0.667,0.3,0.3,1.0,0.3,0.7,0.5,0.833,0.0,0.0,,1.0,0.0,1.0,0.0,0.0,0.0,0.0,0.7,1.7,,2026
Spencer Jones,24.0,DEN,SF,6.0,0.0,6.5,0.7,1.3,0.5,0.2,0.7,0.25,0.5,0.7,0.75,0.563,0.2,0.3,0.5,0.3,0.0,0.3,0.3,0.5,0.2,0.7,0.7,1.7,,2026
Dario Šarić,31.0,SAC,C,3.0,0.0,9.3,0.3,1.7,0.2,0.3,0.7,0.5,0.0,1.0,0.0,0.3,0.7,0.7,1.0,0.3,1.3,1.7,0.7,0.0,0.0,0.3,0.0,1.7,,2026
Chris Youngblood,23.0,OKC,SG,9.0,0.0,5.0,0.3,1.3,0.25,0.3,1.2,0.273,0.0,0.1,0.0,0.375,0.7,0.7,1.0,0.1,0.4,0.6,0.1,0.0,0.0,0.0,0.8,1.7,,2026
Micah Peavy,24.0,NOP,SG,5.0,0.0,10.8,0.6,2.8,0.214,0.2,1.0,0.2,0.4,1.8,0.222,0.25,0.2,0.4,0.5,1.2,1.2,2.4,0.6,0.2,0.0,0.2,1.2,1.6,,2026
Gui Santos,23.0,GSW,PF,9.0,0.0,6.2,0.6,1.3,0.417,0.3,1.0,0.333,0.2,0.3,0.667,0.542,0.1,0.2,0.5,0.7,0.6,1.2,0.2,0.3,0.0,0.6,1.2,1.6,,2026
DaRon Holmes,23.0,DEN,PF,2.0,0.0,2.0,0.5,0.5,1.0,0.5,0.5,1.0,0.0,0.0,,1.5,0.0,0.0,,0.0,0.0,0.0,0.0,0.0,0.0,0.0,0.5,1.5,,2026
Jett Howard,22.0,ORL,SF,6.0,0.0,5.0,0.5,1.7,0.3,0.5,1.5,0.333,0.0,0.2,0.0,0.45,0.0,0.0,,0.2,0.2,0.3,0.5,0.0,0.2,0.2,0.5,1.5,,2026
Caleb Martin,30.0,DAL,SF,8.0,0.0,9.0,0.5,1.8,0.286,0.1,0.6,0.2,0.4,1.1,0.333,0.321,0.4,0.5,0.75,0.5,0.9,1.4,0.5,0.4,0.1,0.4,1.6,1.5,,2026
Luke Travers,24.0,CLE,SG,4.0,0.0,8.3,0.3,2.8,0.091,0.0,0.8,0.0,0.3,2.0,0.125,0.091,1.0,1.0,1.0,0.8,1.0,1.8,1.0,0.3,0.5,0.3,0.3,1.5,,2026
Dalen Terry,23.0,CHI,SG,5.0,0.0,5.6,0.6,1.6,0.375,0.2,0.4,0.5,0.4,1.2,0.333,0.438,0.0,0.0,,0.0,0.4,0.4,0.6,0.0,0.4,0.0,0.8,1.4,,2026
GG Jackson II,21.0,MEM,PF,4.0,0.0,5.0,0.5,2.0,0.25,0.0,1.0,0.0,0.5,1.0,0.5,0.25,0.3,0.5,0.5,0.3,0.3,0.5,0.0,0.5,0.0,0.0,0.5,1.3,,2026
Bryce McGowens,23.0,NOP,SG,3.0,0.0,4.0,0.0,0.7,0.0,0.0,0.3,0.0,0.0,0.3,0.0,0.0,1.3,1.3,1.0,0.0,0.0,0.0,1.0,0.0,0.0,0.0,0.0,1.3,,2026
Rayan Rupert,21.0,POR,SG,4.0,0.0,6.3,0.5,1.3,0.4,0.3,0.8,0.333,0.3,0.5,0.5,0.5,0.0,0.0,,0.3,1.0,1.3,0.5,0.5,0.0,0.3,0.5,1.3,,2026
Ariel Hukporti,23.0,NYK,C,5.0,2.0,9.2,0.6,1.4,0.429,0.0,0.0,,0.6,1.4,0.429,0.429,0.0,0.0,,1.4,1.6,3.0,1.0,0.2,0.2,0.4,1.2,1.2,,2026
Jae'Sean Tate,30.0,HOU,SF,5.0,0.0,5.4,0.6,1.8,0.333,0.0,0.6,0.0,0.6,1.2,0.5,0.333,0.0,0.0,,0.0,0.8,0.8,0.0,0.2,0.0,0.2,0.8,1.2,,2026
Julian Phillips,22.0,CHI,SF,8.0,0.0,5.9,0.5,1.8,0.286,0.1,0.8,0.167,0.4,1.0,0.375,0.321,0.0,0.0,,0.5,0.1,0.6,0.1,0.4,0.3,0.0,0.6,1.1,,2026
Brooks Barnhizer,23.0,OKC,SG,8.0,0.0,6.6,0.5,1.0,0.5,0.0,0.0,,0.5,1.0,0.5,0.5,0.0,0.0,,0.3,1.1,1.4,0.1,0.1,0.0,0.1,0.9,1.0,,2026
Devin Carter,23.0,SAC,PG,6.0,0.0,6.2,0.2,1.3,0.125,0.0,0.8,0.0,0.2,0.5,0.333,0.125,0.7,0.7,1.0,0.3,0.5,0.8,0.7,0.7,0.2,0.3,0.5,1.0,,2026
Rasheer Fleming,21.0,PHO,PF,5.0,0.0,4.0,0.4,1.8,0.222,0.2,1.0,0.2,0.2,0.8,0.25,0.278,0.0,0.0,,0.6,0.4,1.0,0.4,0.2,0.0,0.0,0.8,1.0,,2026
Ron Harper Jr.,25.0,BOS,SF,2.0,0.0,5.5,0.5,2.5,0.2,0.0,2.0,0.0,0.5,0.5,1.0,0.2,0.0,0.0,,0.5,1.0,1.5,1.5,0.0,0.0,0.0,0.5,1.0,,2026
AJ Johnson,21.0,WAS,SG,7.0,0.0,5.0,0.3,1.4,0.2,0.0,0.3,0.0,0.3,1.1,0.25,0.2,0.4,0.6,0.75,0.3,0.3,0.6,0.6,0.0,0.0,0.1,0.4,1.0,,2026
Isaac Jones,25.0,SAC,PF,3.0,1.0,5.7,0.3,0.7,0.5,0.0,0.3,0.0,0.3,0.3,1.0,0.5,0.3,0.7,0.5,0.7,0.0,0.7,0.3,0.0,0.0,0.0,1.3,1.0,,2026
Johnny Juzang,24.0,MIN,SG,4.0,0.0,3.0,0.3,1.0,0.25,0.3,0.8,0.333,0.0,0.3,0.0,0.375,0.3,0.5,0.5,0.3,0.0,0.3,0.0,0.0,0.0,0.3,0.3,1.0,,2026
Maxi Kleber,34.0,LAL,PF,1.0,0.0,14.0,0.0,1.0,0.0,0.0,1.0,0.0,0.0,0.0,,0.0,1.0,2.0,0.5,0.0,2.0,2.0,1.0,0.0,2.0,0.0,0.0,1.0,,2026
Jonathan Mogbo,24.0,TOR,PF,6.0,0.0,5.5,0.5,1.0,0.5,0.0,0.0,,0.5,1.0,0.5,0.5,0.0,0.0,,0.5,1.0,1.5,0.7,0.2,0.3,0.2,0.7,1.0,,2026
Kobe Sanders,23.0,LAC,SG,2.0,0.0,4.5,0.5,2.0,0.25,0.0,0.5,0.0,0.5,1.5,0.333,0.25,0.0,0.0,,0.0,0.5,0.5,0.5,1.0,0.0,0.5,0.0,1.0,,2026
Amari Williams,24.0,BOS,PF,2.0,0.0,3.5,0.5,1.0,0.5,0.0,0.0,,0.5,1.0,0.5,0.5,0.0,0.0,,0.5,0.5,1.0,0.5,0.5,0.0,0.0,0.5,1.0,,2026
Jahmir Young,25.0,MIA,PG,2.0,0.0,5.0,0.5,1.5,0.333,0.0,0.5,0.0,0.5,1.0,0.5,0.333,0.0,0.0,,0.0,0.5,0.5,1.0,0.0,0.0,0.5,1.0,1.0,,2026
Kobe Brown,26.0,LAC,PF,5.0,0.0,7.4,0.2,1.2,0.167,0.0,0.8,0.0,0.2,0.4,0.5,0.167,0.4,0.4,1.0,0.6,1.6,2.2,1.2,0.0,0.0,0.4,0.2,0.8,,2026
N'Faly Dante,24.0,ATL,C,4.0,0.0,3.8,0.3,1.0,0.25,0.0,0.0,,0.3,1.0,0.25,0.25,0.3,0.3,1.0,0.8,1.0,1.8,0.0,0.5,0.0,0.3,0.3,0.8,,2026
Jericho Sims,27.0,MIL,C,6.0,0.0,4.2,0.2,0.2,1.0,0.0,0.0,,0.2,0.2,1.0,1.0,0.5,0.7,0.75,0.3,0.3,0.7,0.0,0.0,0.2,0.2,0.5,0.8,,2026
Gary Harris,31.0,MIL,SG,3.0,0.0,4.3,0.3,1.0,0.333,0.0,0.3,0.0,0.3,0.7,0.5,0.333,0.0,0.0,,0.3,0.3,0.7,0.7,0.3,0.0,0.0,0.7,0.7,,2026
Mason Plumlee,35.0,CHO,C,3.0,0.0,4.0,0.3,0.3,1.0,0.0,0.0,,0.3,0.3,1.0,1.0,0.0,0.0,,0.0,1.0,1.0,0.3,0.0,0.0,0.3,0.3,0.7,,2026
Hunter Sallis,22.0,PHI,SG,3.0,0.0,2.3,0.3,0.3,1.0,0.0,0.0,,0.3,0.3,1.0,1.0,0.0,0.0,,0.0,0.3,0.3,0.3,0.0,0.0,0.7,0.3,0.7,,2026
Mohamed Diawara,20.0,NYK,SF,4.0,0.0,2.0,0.3,0.5,0.5,0.0,0.0,,0.3,0.5,0.5,0.5,0.0,0.5,0.0,0.0,0.3,0.3,0.3,0.0,0.0,0.3,0.5,0.5,,2026
Jase Richardson,20.0,ORL,SG,6.0,0.0,4.7,0.2,0.8,0.2,0.0,0.5,0.0,0.2,0.3,0.5,0.2,0.2,0.3,0.5,0.0,0.2,0.2,0.8,0.0,0.0,0.5,0.2,0.5,,2026
Bismack Biyombo,33.0,SAS,C,5.0,0.0,8.8,0.2,0.4,0.5,0.0,0.0,,0.2,0.4,0.5,0.5,0.0,0.0,,0.4,0.6,1.0,0.4,0.6,0.0,0.4,1.8,0.4,,2026
Jahmyl Telfort,24.0,LAC,PF,3.0,0.0,5.3,0.0,0.7,0.0,0.0,0.7,0.0,0.0,0.0,,0.0,0.3,1.3,0.25,0.0,0.7,0.7,0.3,0.0,0.0,0.3,0.7,0.3,,2026
Thanasis Antetokounmpo,33.0,MIL,SF,1.0,0.0,2.0,0.0,1.0,0.0,0.0,0.0,,0.0,1.0,0.0,0.0,0.0,0.0,,0.0,0.0,0.0,0.0,0.0,0.0,0.0,0.0,0.0,,2026
Jevon Carter,30.0,CHI,PG,1.0,0.0,12.0,0.0,1.0,0.0,0.0,1.0,0.0,0.0,0.0,,0.0,0.0,0.0,,0.0,0.0,0.0,2.0,0.0,0.0,0.0,1.0,0.0,,2026
Sharife Cooper,24.0,WAS,PG,2.0,0.0,2.0,0.0,0.0,,0.0,0.0,,0.0,0.0,,,0.0,0.0,,0.0,0.0,0.0,0.0,0.0,0.0,0.5,0.0,0.0,,2026
Pacome Dadiet,20.0,NYK,SG,3.0,0.0,2.3,0.0,0.0,,0.0,0.0,,0.0,0.0,,,0.0,0.0,,0.0,0.7,0.7,0.3,0.0,0.0,0.0,0.3,0.0,,2026
Tyson Etienne,26.0,BRK,PG,2.0,0.0,5.5,0.0,1.0,0.0,0.0,1.0,0.0,0.0,0.0,,0.0,0.0,0.0,,0.0,0.0,0.0,0.0,0.0,0.0,0.0,0.5,0.0,,2026
Joe Ingles,38.0,MIN,SF,4.0,0.0,4.0,0.0,0.5,0.0,0.0,0.5,0.0,0.0,0.0,,0.0,0.0,0.0,,0.0,0.0,0.0,1.3,0.0,0.0,0.0,0.5,0.0,,2026
Andre Jackson Jr.,24.0,MIL,SG,3.0,0.0,4.3,0.0,0.3,0.0,0.0,0.0,,0.0,0.3,0.0,0.0,0.0,0.0,,0.3,0.0,0.3,0.7,0.7,0.0,0.0,0.0,0.0,,2026
Trey Jemison,26.0,NYK,C,1.0,0.0,8.0,0.0,0.0,,0.0,0.0,,0.0,0.0,,,0.0,0.0,,1.0,1.0,2.0,0.0,0.0,0.0,0.0,0.0,0.0,,2026
Miles Kelly,23.0,DAL,PG,1.0,0.0,2.0,0.0,0.0,,0.0,0.0,,0.0,0.0,,,0.0,0.0,,0.0,0.0,0.0,0.0,0.0,0.0,1.0,1.0,0.0,,2026
Christian Koloko,25.0,LAL,C,2.0,0.0,3.0,0.0,0.0,,0.0,0.0,,0.0,0.0,,,0.0,0.0,,0.0,0.5,0.5,0.0,0.0,0.0,0.0,0.5,0.0,,2026
Chris Mañon,24.0,LAL,SG,2.0,0.0,3.5,0.0,0.5,0.0,0.0,0.5,0.0,0.0,0.0,,0.0,0.0,0.0,,0.0,1.0,1.0,0.0,0.0,0.5,0.0,1.0,0.0,,2026
Jared McCain,21.0,PHI,SG,1.0,0.0,15.0,0.0,4.0,0.0,0.0,2.0,0.0,0.0,2.0,0.0,0.0,0.0,0.0,,0.0,1.0,1.0,2.0,0.0,0.0,0.0,2.0,0.0,,2026
Orlando Robinson,25.0,ORL,C,1.0,0.0,2.0,0.0,0.0,,0.0,0.0,,0.0,0.0,,,0.0,0.0,,0.0,0.0,0.0,0.0,0.0,0.0,0.0,1.0,0.0,,2026
Hunter Tyson,25.0,DEN,PF,4.0,0.0,3.5,0.0,1.3,0.0,0.0,0.8,0.0,0.0,0.5,0.0,0.0,0.0,0.0,,0.3,2.0,2.3,0.0,0.0,0.0,0.0,0.5,0.0,,2026
Danny Wolf,21.0,BRK,PF,1.0,0.0,4.0,0.0,1.0,0.0,0.0,0.0,,0.0,1.0,0.0,0.0,0.0,0.0,,0.0,1.0,1.0,2.0,0.0,0.0,0.0,0.0,0.0,,2026
League Average,,,,,,,,,0.469,,,0.358,,,0.547,0.543,,,0.789,,,,,,,,,,,2026
